xcoord,ycoord,B03_Green_,B02_Blue_4,B12_SWIR_2,B11_SWIR_1,B8A_VRE_86,B07_VRE_78,B06_VRE_74,B05_VRE_75,B04_Red_66
368392.288,4107111.4343,3347.00000,2870.00000,5451.00000,6091.00000,4945.00000,4784.00000,4556.00000,4258.00000,3807.00000
368412.288,4107111.4343,3349.00000,2889.00000,5550.00000,6164.00000,4983.00000,4817.00000,4580.00000,4281.00000,3838.00000
368432.288,4107111.4343,3362.00000,2901.00000,5523.00000,6192.00000,4961.00000,4802.00000,4567.00000,4278.00000,3851.00000
368452.288,4107111.4343,3391.00000,2877.00000,5529.00000,6233.00000,5021.00000,4853.00000,4601.00000,4322.00000,3848.00000
365512.288,4113091.4343,2576.00000,2266.00000,4759.00000,5309.00000,3849.00000,3724.00000,3475.00000,3161.00000,2913.00000
368472.288,4107111.4343,3442.00000,2944.00000,5576.00000,6272.00000,5060.00000,4910.00000,4631.00000,4343.00000,3891.00000
365532.288,4113091.4343,2547.00000,2276.00000,4729.00000,5292.00000,3823.00000,3695.00000,3464.00000,3155.00000,2879.00000
368492.288,4107111.4343,3476.00000,2978.00000,5576.00000,6280.00000,5071.00000,4925.00000,4677.00000,4372.00000,3930.00000
365552.288,4113091.4343,2510.00000,2247.00000,4741.00000,5287.00000,3840.00000,3670.00000,3434.00000,3149.00000,2860.00000
368512.288,4107111.4343,3478.00000,2970.00000,5580.00000,6269.00000,5056.00000,4951.00000,4700.00000,4389.00000,3995.00000
365572.288,4113091.4343,2514.00000,2242.00000,4792.00000,5287.00000,3798.00000,3642.00000,3409.00000,3179.00000,2848.00000
368532.288,4107111.4343,3406.00000,2920.00000,5406.00000,6039.00000,4831.00000,4693.00000,4513.00000,4216.00000,3889.00000
365592.288,4113091.4343,2491.00000,2201.00000,4710.00000,5248.00000,3780.00000,3629.00000,3369.00000,3079.00000,2832.00000
368552.288,4107111.4343,3062.00000,2701.00000,5043.00000,5786.00000,4608.00000,4436.00000,4101.00000,3972.00000,3396.00000
365612.288,4113091.4343,2554.00000,2255.00000,4807.00000,5305.00000,3732.00000,3663.00000,3438.00000,3171.00000,2904.00000
368572.288,4107111.4343,3474.00000,2950.00000,5319.00000,5989.00000,4902.00000,4757.00000,4565.00000,4249.00000,3961.00000
368592.288,4107111.4343,3531.00000,2994.00000,5528.00000,6191.00000,5166.00000,5049.00000,4726.00000,4473.00000,4014.00000
368612.288,4107111.4343,3474.00000,2967.00000,5468.00000,6124.00000,5103.00000,4956.00000,4626.00000,4354.00000,3904.00000
367172.288,4112651.4343,2966.00000,2535.00000,4416.00000,5328.00000,5278.00000,5060.00000,4707.00000,3901.00000,3379.00000
367192.288,4112651.4343,3078.00000,2644.00000,4592.00000,5483.00000,5180.00000,5084.00000,4702.00000,3976.00000,3480.00000
367212.288,4112651.4343,3023.00000,2608.00000,4542.00000,5427.00000,4945.00000,4865.00000,4504.00000,3878.00000,3458.00000
367232.288,4112651.4343,2903.00000,2520.00000,4410.00000,5328.00000,4900.00000,4684.00000,4482.00000,3922.00000,3371.00000
365292.288,4112951.4343,3005.00000,2595.00000,5278.00000,5854.00000,4454.00000,4370.00000,4067.00000,3805.00000,3456.00000
364772.288,4113091.4343,2694.00000,2291.00000,4446.00000,5446.00000,4696.00000,4605.00000,4234.00000,3567.00000,3205.00000
365312.288,4112951.4343,2906.00000,2523.00000,5142.00000,5944.00000,4475.00000,4269.00000,4056.00000,3761.00000,3405.00000
364792.288,4113091.4343,2688.00000,2266.00000,4300.00000,5331.00000,4637.00000,4569.00000,4178.00000,3615.00000,3194.00000
367592.288,4111551.4343,2987.00000,2580.00000,4436.00000,5333.00000,4805.00000,4666.00000,4351.00000,3813.00000,3412.00000
365332.288,4112951.4343,2917.00000,2488.00000,5144.00000,6064.00000,4567.00000,4410.00000,4128.00000,3810.00000,3429.00000
365852.288,4111431.4343,3144.00000,2650.00000,5140.00000,6244.00000,5188.00000,5021.00000,4704.00000,4239.00000,3562.00000
367612.288,4111551.4343,3013.00000,2590.00000,4447.00000,5397.00000,4949.00000,4826.00000,4473.00000,3839.00000,3451.00000
365872.288,4111431.4343,2809.00000,2436.00000,4201.00000,5361.00000,4653.00000,4553.00000,4202.00000,3509.00000,3106.00000
367632.288,4111551.4343,3144.00000,2714.00000,4322.00000,5292.00000,5042.00000,4974.00000,4643.00000,4019.00000,3576.00000
367212.288,4112631.4343,3141.00000,2680.00000,4608.00000,5434.00000,5082.00000,4913.00000,4549.00000,4057.00000,3602.00000
364432.288,4115251.4343,3254.00000,2772.00000,5109.00000,6405.00000,5042.00000,4938.00000,4638.00000,4259.00000,3867.00000
364792.288,4113191.4343,2875.00000,2413.00000,4400.00000,5435.00000,4934.00000,4844.00000,4462.00000,3757.00000,3312.00000
364452.288,4115251.4343,3451.00000,2906.00000,5259.00000,6563.00000,5211.00000,5156.00000,4822.00000,4517.00000,4091.00000
364472.288,4115251.4343,3399.00000,2851.00000,5198.00000,6575.00000,5163.00000,5117.00000,4809.00000,4482.00000,4055.00000
364492.288,4115251.4343,3275.00000,2721.00000,4798.00000,5995.00000,5194.00000,5021.00000,4735.00000,4319.00000,3881.00000
364752.288,4113091.4343,2651.00000,2265.00000,4491.00000,5369.00000,4573.00000,4512.00000,4078.00000,3517.00000,3116.00000
368432.288,4107071.4343,3393.00000,2885.00000,5520.00000,6169.00000,5006.00000,4900.00000,4583.00000,4290.00000,3871.00000
368452.288,4107071.4343,3407.00000,2900.00000,5484.00000,6133.00000,5048.00000,4909.00000,4602.00000,4334.00000,3901.00000
368472.288,4107071.4343,3467.00000,2915.00000,5555.00000,6256.00000,5083.00000,4982.00000,4693.00000,4426.00000,3965.00000
368492.288,4107071.4343,3462.00000,2924.00000,5595.00000,6270.00000,5087.00000,5015.00000,4747.00000,4405.00000,3970.00000
368512.288,4107071.4343,3474.00000,2946.00000,5574.00000,6268.00000,5107.00000,5000.00000,4729.00000,4432.00000,3977.00000
368532.288,4107071.4343,3469.00000,2946.00000,5567.00000,6252.00000,5180.00000,4986.00000,4713.00000,4437.00000,3982.00000
368552.288,4107071.4343,3450.00000,2927.00000,5486.00000,6179.00000,5118.00000,4973.00000,4709.00000,4405.00000,3966.00000
364752.288,4113191.4343,2814.00000,2382.00000,4670.00000,5560.00000,4857.00000,4653.00000,4330.00000,3772.00000,3277.00000
364772.288,4113191.4343,2974.00000,2524.00000,4609.00000,5610.00000,4964.00000,4823.00000,4400.00000,3771.00000,3371.00000
365592.288,4113151.4343,2540.00000,2234.00000,4785.00000,5319.00000,3897.00000,3758.00000,3487.00000,3192.00000,2909.00000
365612.288,4113151.4343,2794.00000,2476.00000,5090.00000,5709.00000,4211.00000,4055.00000,3796.00000,3509.00000,3202.00000
365632.288,4113151.4343,2905.00000,2493.00000,5128.00000,5727.00000,4382.00000,4262.00000,3955.00000,3603.00000,3319.00000
365652.288,4113151.4343,2531.00000,2234.00000,4781.00000,5316.00000,4040.00000,3833.00000,3581.00000,3199.00000,2896.00000
365672.288,4113151.4343,2451.00000,2201.00000,4617.00000,5095.00000,3823.00000,3681.00000,3429.00000,3060.00000,2785.00000
368412.288,4107071.4343,3363.00000,2882.00000,5459.00000,6054.00000,4965.00000,4850.00000,4576.00000,4320.00000,3848.00000
365192.288,4113471.4343,2496.00000,2213.00000,4438.00000,5032.00000,4209.00000,4330.00000,3957.00000,3346.00000,2851.00000
365692.288,4113151.4343,2585.00000,2315.00000,4770.00000,5144.00000,3889.00000,3738.00000,3513.00000,3221.00000,2913.00000
365212.288,4113471.4343,3173.00000,2653.00000,4916.00000,5688.00000,5054.00000,4901.00000,4640.00000,3988.00000,3694.00000
364752.288,4113071.4343,2695.00000,2289.00000,4471.00000,5510.00000,4770.00000,4726.00000,4261.00000,3732.00000,3138.00000
364772.288,4113071.4343,2690.00000,2294.00000,4368.00000,5434.00000,4708.00000,4553.00000,4147.00000,3539.00000,3118.00000
364792.288,4113071.4343,2660.00000,2254.00000,4205.00000,5231.00000,4629.00000,4516.00000,4124.00000,3550.00000,3151.00000
364852.288,4113291.4343,2669.00000,2266.00000,4228.00000,5167.00000,4611.00000,4429.00000,4069.00000,3484.00000,3088.00000
364872.288,4113291.4343,2825.00000,2415.00000,4648.00000,5699.00000,4512.00000,4424.00000,4075.00000,3745.00000,3345.00000
364892.288,4113291.4343,2837.00000,2385.00000,4507.00000,5613.00000,4504.00000,4414.00000,4168.00000,3735.00000,3380.00000
364492.288,4115211.4343,3373.00000,2823.00000,4889.00000,6143.00000,5131.00000,5013.00000,4703.00000,4303.00000,3964.00000
368452.288,4107011.4343,3342.00000,2865.00000,5462.00000,6100.00000,4965.00000,4848.00000,4599.00000,4238.00000,3774.00000
368472.288,4107011.4343,3370.00000,2904.00000,5491.00000,6209.00000,5010.00000,4901.00000,4603.00000,4235.00000,3812.00000
368492.288,4107011.4343,3378.00000,2861.00000,5508.00000,6207.00000,5032.00000,4889.00000,4652.00000,4269.00000,3826.00000
368512.288,4107011.4343,3373.00000,2888.00000,5517.00000,6240.00000,5064.00000,4959.00000,4674.00000,4311.00000,3856.00000
368532.288,4107011.4343,3368.00000,2860.00000,5478.00000,6151.00000,5075.00000,4957.00000,4652.00000,4278.00000,3867.00000
367652.288,4111491.4343,3046.00000,2624.00000,4488.00000,5487.00000,5192.00000,5076.00000,4693.00000,3972.00000,3427.00000
367672.288,4111491.4343,3044.00000,2645.00000,4405.00000,5409.00000,5190.00000,5074.00000,4717.00000,3938.00000,3423.00000
367772.288,4111451.4343,3315.00000,2860.00000,4597.00000,5616.00000,5292.00000,5143.00000,4836.00000,4128.00000,3757.00000
367112.288,4112151.4343,2938.00000,2440.00000,4442.00000,5449.00000,4943.00000,4844.00000,4529.00000,3955.00000,3471.00000
367692.288,4111491.4343,3118.00000,2676.00000,4389.00000,5454.00000,5311.00000,5221.00000,4772.00000,3975.00000,3533.00000
367132.288,4112151.4343,3082.00000,2548.00000,4531.00000,5665.00000,5217.00000,5130.00000,4733.00000,4107.00000,3643.00000
367712.288,4111491.4343,3163.00000,2716.00000,4490.00000,5556.00000,5274.00000,5132.00000,4761.00000,4017.00000,3571.00000
367152.288,4112151.4343,2931.00000,2413.00000,4394.00000,5515.00000,5018.00000,4903.00000,4562.00000,3959.00000,3505.00000
367732.288,4111491.4343,3164.00000,2765.00000,4410.00000,5302.00000,5110.00000,5003.00000,4561.00000,3940.00000,3516.00000
367172.288,4112151.4343,2930.00000,2441.00000,4373.00000,5492.00000,4962.00000,4888.00000,4492.00000,3906.00000,3501.00000
367192.288,4112151.4343,3193.00000,2636.00000,4628.00000,5780.00000,5314.00000,5204.00000,4828.00000,4188.00000,3772.00000
367212.288,4112151.4343,3283.00000,2710.00000,4758.00000,5899.00000,5444.00000,5243.00000,4943.00000,4397.00000,3870.00000
365312.288,4113031.4343,2898.00000,2488.00000,5063.00000,5757.00000,4426.00000,4310.00000,4034.00000,3709.00000,3413.00000
365332.288,4113031.4343,3034.00000,2643.00000,5229.00000,5925.00000,4653.00000,4489.00000,4131.00000,3844.00000,3528.00000
365352.288,4113031.4343,3143.00000,2692.00000,5301.00000,5967.00000,4668.00000,4560.00000,4242.00000,3989.00000,3620.00000
365372.288,4113031.4343,3005.00000,2602.00000,5295.00000,6027.00000,4554.00000,4393.00000,4157.00000,3833.00000,3481.00000
365392.288,4113031.4343,3107.00000,2680.00000,5465.00000,6120.00000,4803.00000,4623.00000,4326.00000,4014.00000,3639.00000
365412.288,4113031.4343,2875.00000,2517.00000,5077.00000,5791.00000,4445.00000,4300.00000,3962.00000,3605.00000,3322.00000
364492.288,4115331.4343,3227.00000,2738.00000,5043.00000,6293.00000,4978.00000,4919.00000,4580.00000,4212.00000,3798.00000
364872.288,4113271.4343,2862.00000,2417.00000,4503.00000,5481.00000,4442.00000,4392.00000,4025.00000,3704.00000,3332.00000
364752.288,4113151.4343,2840.00000,2434.00000,4423.00000,5270.00000,4591.00000,4410.00000,4165.00000,3605.00000,3216.00000
364772.288,4113151.4343,2640.00000,2279.00000,4247.00000,5200.00000,4529.00000,4420.00000,3988.00000,3547.00000,3125.00000
364432.288,4115211.4343,3163.00000,2643.00000,5009.00000,6103.00000,4943.00000,4826.00000,4552.00000,4137.00000,3749.00000
364792.288,4113151.4343,2600.00000,2224.00000,4098.00000,5123.00000,4512.00000,4377.00000,4022.00000,3504.00000,3094.00000
364452.288,4115211.4343,3241.00000,2712.00000,5139.00000,6315.00000,4974.00000,4936.00000,4628.00000,4306.00000,3870.00000
364472.288,4115211.4343,3373.00000,2822.00000,5242.00000,6463.00000,5147.00000,5067.00000,4729.00000,4410.00000,4012.00000
367032.288,4112951.4343,2581.00000,2265.00000,4126.00000,5069.00000,4386.00000,4437.00000,4021.00000,3379.00000,2928.00000
367592.288,4111491.4343,3064.00000,2614.00000,4611.00000,5553.00000,5284.00000,5193.00000,4767.00000,4036.00000,3512.00000
367052.288,4112951.4343,3298.00000,2707.00000,5151.00000,6217.00000,5436.00000,5120.00000,4842.00000,4349.00000,3910.00000
367612.288,4111491.4343,3085.00000,2652.00000,4694.00000,5600.00000,5315.00000,5173.00000,4772.00000,4065.00000,3571.00000
367632.288,4111491.4343,3052.00000,2602.00000,4603.00000,5601.00000,5209.00000,5016.00000,4712.00000,3983.00000,3509.00000
368512.288,4107151.4343,3590.00000,3023.00000,5671.00000,6344.00000,5263.00000,5111.00000,4821.00000,4530.00000,4098.00000
368532.288,4107151.4343,3550.00000,3019.00000,5638.00000,6343.00000,5198.00000,5068.00000,4802.00000,4490.00000,4071.00000
368552.288,4107151.4343,3493.00000,2986.00000,5494.00000,6164.00000,4981.00000,4908.00000,4620.00000,4398.00000,3970.00000
365832.288,4111531.4343,3119.00000,2650.00000,4995.00000,5983.00000,4927.00000,4862.00000,4517.00000,4074.00000,3551.00000
368572.288,4107151.4343,3331.00000,2895.00000,5283.00000,5943.00000,4818.00000,4657.00000,4417.00000,4164.00000,3744.00000
365852.288,4111531.4343,2791.00000,2426.00000,4908.00000,5955.00000,4558.00000,4335.00000,4066.00000,3561.00000,3162.00000
368592.288,4107151.4343,3485.00000,2958.00000,5381.00000,6019.00000,5014.00000,4877.00000,4601.00000,4338.00000,3907.00000
365872.288,4111531.4343,2950.00000,2551.00000,5065.00000,6057.00000,4730.00000,4586.00000,4347.00000,3897.00000,3349.00000
368612.288,4107151.4343,3488.00000,2957.00000,5502.00000,6124.00000,5064.00000,4953.00000,4725.00000,4406.00000,3926.00000
368632.288,4107151.4343,3463.00000,2935.00000,5461.00000,6065.00000,5062.00000,4945.00000,4641.00000,4342.00000,3890.00000
368652.288,4107151.4343,3406.00000,2933.00000,5409.00000,5986.00000,5022.00000,4903.00000,4642.00000,4283.00000,3845.00000
368672.288,4107151.4343,3377.00000,2906.00000,5409.00000,6021.00000,5000.00000,4866.00000,4611.00000,4301.00000,3805.00000
368692.288,4107151.4343,3339.00000,2869.00000,5402.00000,5975.00000,5007.00000,4837.00000,4630.00000,4287.00000,3801.00000
368712.288,4107151.4343,3330.00000,2856.00000,5287.00000,5873.00000,5011.00000,4852.00000,4616.00000,4258.00000,3754.00000
368732.288,4107151.4343,3317.00000,2865.00000,5125.00000,5735.00000,5008.00000,4863.00000,4535.00000,4140.00000,3701.00000
368752.288,4107151.4343,3281.00000,2866.00000,4994.00000,5626.00000,5013.00000,4844.00000,4500.00000,4075.00000,3707.00000
364852.288,4113271.4343,2818.00000,2343.00000,4490.00000,5513.00000,4543.00000,4458.00000,4042.00000,3691.00000,3313.00000
364752.288,4113131.4343,2724.00000,2313.00000,4483.00000,5369.00000,4616.00000,4460.00000,4123.00000,3534.00000,3165.00000
364772.288,4113131.4343,2685.00000,2304.00000,4435.00000,5388.00000,4596.00000,4422.00000,3996.00000,3544.00000,3157.00000
364432.288,4115191.4343,2832.00000,2428.00000,4445.00000,5462.00000,4816.00000,4637.00000,4338.00000,3660.00000,3235.00000
364792.288,4113131.4343,2633.00000,2258.00000,4180.00000,5219.00000,4555.00000,4434.00000,4040.00000,3502.00000,3117.00000
367112.288,4112711.4343,2996.00000,2564.00000,4402.00000,5230.00000,5233.00000,5111.00000,4749.00000,4044.00000,3448.00000
364452.288,4115191.4343,3147.00000,2638.00000,4846.00000,6008.00000,4976.00000,4773.00000,4518.00000,4127.00000,3759.00000
364812.288,4113131.4343,2643.00000,2235.00000,4123.00000,5174.00000,4653.00000,4559.00000,4158.00000,3549.00000,3149.00000
367132.288,4112711.4343,3163.00000,2680.00000,4939.00000,5814.00000,5178.00000,5053.00000,4718.00000,4069.00000,3634.00000
364472.288,4115191.4343,3216.00000,2716.00000,5049.00000,6208.00000,5004.00000,4883.00000,4615.00000,4276.00000,3834.00000
367152.288,4112711.4343,3179.00000,2729.00000,4949.00000,5778.00000,5196.00000,5011.00000,4691.00000,4104.00000,3643.00000
364492.288,4115191.4343,3179.00000,2674.00000,4745.00000,5845.00000,4907.00000,4824.00000,4543.00000,4206.00000,3742.00000
365612.288,4113131.4343,2654.00000,2342.00000,4978.00000,5594.00000,3973.00000,3778.00000,3572.00000,3321.00000,3016.00000
367172.288,4112711.4343,3124.00000,2686.00000,4510.00000,5445.00000,5141.00000,4961.00000,4629.00000,3931.00000,3509.00000
365632.288,4113131.4343,2668.00000,2313.00000,5029.00000,5668.00000,4097.00000,3878.00000,3656.00000,3375.00000,3033.00000
365652.288,4113131.4343,2542.00000,2239.00000,4832.00000,5391.00000,3857.00000,3702.00000,3487.00000,3199.00000,2904.00000
368332.288,4107151.4343,3314.00000,2866.00000,5273.00000,5806.00000,4942.00000,4893.00000,4576.00000,4141.00000,3727.00000
368352.288,4107151.4343,3486.00000,2958.00000,5658.00000,6251.00000,5157.00000,5072.00000,4754.00000,4413.00000,3969.00000
365212.288,4113511.4343,3168.00000,2644.00000,5097.00000,5940.00000,5167.00000,4892.00000,4646.00000,4146.00000,3601.00000
368372.288,4107151.4343,3507.00000,2963.00000,5745.00000,6365.00000,5153.00000,5026.00000,4741.00000,4469.00000,3981.00000
365232.288,4113511.4343,3201.00000,2669.00000,5155.00000,5963.00000,4897.00000,4877.00000,4518.00000,4202.00000,3783.00000
367032.288,4112931.4343,2682.00000,2332.00000,4233.00000,5063.00000,4551.00000,4484.00000,4175.00000,3513.00000,2998.00000
368392.288,4107151.4343,3504.00000,2984.00000,5714.00000,6333.00000,5147.00000,4976.00000,4715.00000,4425.00000,3958.00000
365252.288,4113511.4343,3192.00000,2607.00000,5151.00000,5972.00000,5082.00000,4949.00000,4693.00000,4351.00000,3798.00000
367052.288,4112931.4343,3395.00000,2790.00000,5371.00000,6440.00000,5600.00000,5279.00000,4978.00000,4472.00000,4038.00000
368412.288,4107151.4343,3482.00000,2967.00000,5694.00000,6329.00000,5081.00000,4940.00000,4680.00000,4401.00000,3943.00000
367072.288,4112931.4343,3217.00000,2689.00000,5216.00000,6316.00000,5357.00000,5182.00000,4845.00000,4263.00000,3725.00000
368432.288,4107151.4343,3449.00000,2921.00000,5642.00000,6327.00000,5049.00000,4946.00000,4686.00000,4391.00000,3913.00000
367732.288,4111431.4343,3208.00000,2762.00000,4505.00000,5561.00000,5501.00000,5392.00000,4950.00000,4009.00000,3562.00000
368452.288,4107151.4343,3472.00000,2958.00000,5648.00000,6318.00000,5103.00000,4942.00000,4716.00000,4415.00000,3952.00000
367752.288,4111431.4343,3251.00000,2798.00000,4633.00000,5734.00000,5502.00000,5422.00000,5012.00000,4199.00000,3687.00000
368472.288,4107151.4343,3506.00000,2957.00000,5658.00000,6382.00000,5164.00000,5001.00000,4784.00000,4486.00000,4013.00000
367772.288,4111431.4343,3253.00000,2769.00000,4677.00000,5766.00000,5539.00000,5409.00000,4950.00000,4197.00000,3731.00000
368492.288,4107151.4343,3548.00000,2981.00000,5674.00000,6413.00000,5220.00000,5059.00000,4819.00000,4535.00000,4073.00000
367792.288,4111431.4343,3242.00000,2742.00000,4701.00000,5793.00000,5411.00000,5361.00000,4995.00000,4269.00000,3718.00000
367812.288,4111431.4343,3171.00000,2707.00000,4741.00000,5770.00000,5255.00000,5163.00000,4874.00000,4305.00000,3733.00000
365812.288,4113231.4343,2549.00000,2262.00000,4643.00000,5078.00000,3917.00000,3780.00000,3509.00000,3135.00000,2879.00000
365832.288,4113231.4343,2552.00000,2273.00000,4765.00000,5135.00000,3809.00000,3618.00000,3502.00000,3157.00000,2875.00000
365392.288,4112991.4343,3036.00000,2580.00000,5278.00000,6128.00000,4728.00000,4634.00000,4265.00000,3939.00000,3601.00000
365412.288,4112991.4343,2731.00000,2397.00000,4958.00000,5536.00000,4089.00000,3960.00000,3776.00000,3511.00000,3108.00000
365552.288,4113131.4343,2429.00000,2169.00000,4560.00000,5052.00000,3645.00000,3538.00000,3254.00000,2996.00000,2758.00000
365572.288,4113131.4343,2471.00000,2179.00000,4663.00000,5183.00000,3718.00000,3606.00000,3398.00000,3102.00000,2786.00000
365592.288,4113131.4343,2542.00000,2253.00000,4806.00000,5351.00000,3800.00000,3714.00000,3461.00000,3172.00000,2900.00000
367172.288,4112091.4343,2880.00000,2403.00000,4403.00000,5378.00000,4887.00000,4785.00000,4438.00000,3810.00000,3410.00000
367192.288,4112091.4343,3148.00000,2610.00000,4615.00000,5727.00000,5137.00000,5029.00000,4723.00000,4238.00000,3807.00000
367212.288,4112091.4343,3220.00000,2655.00000,4704.00000,5895.00000,5376.00000,5253.00000,4903.00000,4298.00000,3842.00000
368632.288,4107111.4343,3433.00000,2954.00000,5434.00000,6088.00000,5070.00000,4927.00000,4624.00000,4298.00000,3875.00000
365272.288,4112991.4343,2473.00000,2228.00000,4591.00000,5088.00000,3794.00000,3610.00000,3481.00000,3176.00000,2787.00000
368652.288,4107111.4343,3406.00000,2920.00000,5404.00000,6034.00000,5018.00000,4868.00000,4627.00000,4279.00000,3859.00000
365292.288,4112991.4343,3019.00000,2591.00000,5288.00000,5999.00000,4618.00000,4493.00000,4159.00000,3850.00000,3568.00000
368672.288,4107111.4343,3376.00000,2910.00000,5402.00000,6010.00000,4997.00000,4828.00000,4605.00000,4320.00000,3823.00000
365312.288,4112991.4343,2999.00000,2553.00000,5389.00000,6346.00000,4910.00000,4638.00000,4350.00000,4051.00000,3621.00000
368692.288,4107111.4343,3350.00000,2891.00000,5383.00000,6019.00000,4996.00000,4850.00000,4587.00000,4238.00000,3772.00000
365332.288,4112991.4343,3135.00000,2615.00000,5466.00000,6543.00000,4997.00000,4850.00000,4523.00000,4213.00000,3787.00000
368712.288,4107111.4343,3364.00000,2889.00000,5353.00000,6022.00000,5041.00000,4876.00000,4609.00000,4198.00000,3746.00000
365352.288,4112991.4343,3227.00000,2692.00000,5547.00000,6615.00000,5151.00000,4951.00000,4678.00000,4339.00000,3880.00000
365532.288,4113111.4343,2458.00000,2190.00000,4669.00000,5166.00000,3688.00000,3593.00000,3362.00000,3095.00000,2792.00000
364772.288,4113231.4343,3021.00000,2532.00000,4804.00000,5762.00000,5325.00000,5201.00000,4723.00000,4045.00000,3567.00000
368732.288,4107111.4343,3338.00000,2888.00000,5367.00000,6036.00000,5060.00000,4883.00000,4606.00000,4251.00000,3764.00000
365372.288,4112991.4343,3061.00000,2623.00000,5426.00000,6385.00000,4897.00000,4716.00000,4418.00000,4113.00000,3683.00000
365552.288,4113111.4343,2500.00000,2214.00000,4680.00000,5178.00000,3742.00000,3633.00000,3347.00000,3068.00000,2830.00000
364792.288,4113231.4343,3032.00000,2547.00000,4807.00000,5769.00000,5329.00000,5262.00000,4682.00000,4018.00000,3564.00000
368752.288,4107111.4343,3293.00000,2839.00000,5343.00000,5960.00000,4965.00000,4793.00000,4497.00000,4197.00000,3700.00000
365572.288,4113111.4343,2464.00000,2196.00000,4739.00000,5250.00000,3691.00000,3586.00000,3311.00000,3059.00000,2813.00000
364812.288,4113231.4343,2997.00000,2484.00000,4683.00000,5651.00000,5164.00000,5077.00000,4732.00000,3992.00000,3548.00000
368772.288,4107111.4343,3227.00000,2827.00000,5211.00000,5874.00000,4762.00000,4601.00000,4357.00000,4017.00000,3593.00000
364472.288,4115291.4343,3202.00000,2714.00000,5018.00000,6309.00000,5010.00000,4905.00000,4609.00000,4226.00000,3799.00000
365592.288,4113111.4343,2474.00000,2226.00000,4760.00000,5274.00000,3736.00000,3605.00000,3387.00000,3108.00000,2815.00000
364832.288,4113231.4343,2811.00000,2359.00000,4352.00000,5382.00000,4721.00000,4628.00000,4223.00000,3698.00000,3361.00000
368792.288,4107111.4343,3257.00000,2823.00000,5156.00000,5769.00000,4902.00000,4701.00000,4457.00000,4045.00000,3613.00000
364492.288,4115291.4343,3278.00000,2744.00000,4945.00000,6294.00000,5114.00000,5105.00000,4720.00000,4343.00000,3915.00000
365612.288,4113111.4343,2528.00000,2237.00000,4847.00000,5398.00000,3839.00000,3729.00000,3501.00000,3235.00000,2923.00000
365632.288,4113111.4343,2606.00000,2300.00000,4877.00000,5420.00000,3881.00000,3762.00000,3527.00000,3269.00000,2986.00000
367132.288,4112671.4343,3170.00000,2688.00000,4899.00000,5802.00000,5255.00000,5068.00000,4732.00000,4137.00000,3690.00000
367152.288,4112671.4343,3017.00000,2587.00000,4671.00000,5524.00000,5037.00000,4943.00000,4526.00000,3919.00000,3510.00000
367172.288,4112671.4343,2932.00000,2501.00000,4350.00000,5266.00000,5106.00000,4929.00000,4594.00000,3771.00000,3317.00000
367192.288,4112671.4343,3105.00000,2677.00000,4438.00000,5325.00000,5273.00000,5074.00000,4668.00000,3882.00000,3407.00000
367212.288,4112671.4343,3267.00000,2796.00000,4727.00000,5679.00000,5204.00000,5144.00000,4759.00000,4114.00000,3677.00000
367232.288,4112671.4343,3237.00000,2810.00000,4822.00000,5762.00000,5184.00000,4971.00000,4716.00000,4147.00000,3759.00000
367052.288,4112891.4343,2952.00000,2487.00000,4695.00000,5702.00000,5125.00000,4987.00000,4584.00000,3929.00000,3380.00000
367072.288,4112891.4343,2740.00000,2331.00000,4311.00000,5364.00000,4753.00000,4628.00000,4218.00000,3367.00000,2939.00000
367772.288,4111391.4343,3033.00000,2521.00000,4188.00000,5281.00000,5663.00000,5512.00000,5065.00000,3759.00000,3304.00000
365752.288,4113191.4343,2353.00000,2115.00000,4432.00000,4783.00000,3653.00000,3485.00000,3245.00000,2889.00000,2607.00000
367792.288,4111391.4343,3064.00000,2589.00000,4541.00000,5614.00000,5221.00000,5079.00000,4748.00000,4061.00000,3495.00000
365852.288,4111471.4343,3049.00000,2583.00000,5127.00000,6333.00000,5055.00000,4867.00000,4513.00000,3920.00000,3456.00000
365292.288,4112931.4343,2789.00000,2436.00000,5040.00000,5565.00000,4140.00000,4021.00000,3814.00000,3497.00000,3154.00000
365772.288,4113191.4343,2343.00000,2107.00000,4530.00000,4899.00000,3543.00000,3428.00000,3170.00000,2851.00000,2627.00000
367812.288,4111391.4343,3237.00000,2790.00000,4701.00000,5756.00000,5439.00000,5307.00000,4986.00000,4226.00000,3730.00000
365872.288,4111471.4343,2959.00000,2582.00000,4571.00000,5644.00000,4812.00000,4611.00000,4340.00000,3748.00000,3285.00000
365792.288,4113191.4343,2365.00000,2114.00000,4505.00000,4875.00000,3605.00000,3516.00000,3280.00000,2994.00000,2638.00000
364752.288,4113111.4343,2666.00000,2275.00000,4519.00000,5402.00000,4519.00000,4401.00000,4082.00000,3496.00000,3106.00000
365292.288,4112971.4343,3035.00000,2645.00000,5302.00000,5975.00000,4565.00000,4467.00000,4098.00000,3757.00000,3504.00000
364772.288,4113111.4343,2701.00000,2295.00000,4510.00000,5466.00000,4603.00000,4536.00000,4135.00000,3586.00000,3211.00000
365312.288,4112971.4343,2975.00000,2539.00000,5286.00000,6214.00000,4751.00000,4519.00000,4327.00000,3962.00000,3524.00000
364792.288,4113111.4343,2667.00000,2264.00000,4285.00000,5296.00000,4605.00000,4510.00000,4129.00000,3546.00000,3169.00000
368692.288,4107091.4343,3325.00000,2870.00000,5174.00000,5850.00000,4975.00000,4800.00000,4510.00000,4103.00000,3756.00000
365332.288,4112971.4343,3096.00000,2608.00000,5413.00000,6468.00000,5043.00000,4914.00000,4536.00000,4199.00000,3764.00000
364812.288,4113111.4343,2629.00000,2223.00000,4231.00000,5298.00000,4645.00000,4511.00000,4132.00000,3500.00000,3109.00000
368712.288,4107091.4343,3334.00000,2861.00000,5281.00000,5916.00000,4997.00000,4838.00000,4583.00000,4166.00000,3775.00000
365352.288,4112971.4343,3215.00000,2677.00000,5442.00000,6489.00000,5049.00000,4960.00000,4602.00000,4298.00000,3883.00000
364832.288,4113111.4343,2682.00000,2258.00000,4221.00000,5403.00000,4689.00000,4646.00000,4189.00000,3611.00000,3160.00000
368732.288,4107091.4343,3304.00000,2858.00000,5182.00000,5809.00000,4972.00000,4812.00000,4478.00000,4096.00000,3726.00000
365372.288,4112971.4343,2992.00000,2575.00000,5272.00000,6147.00000,4744.00000,4468.00000,4232.00000,3920.00000,3539.00000
365392.288,4112971.4343,2768.00000,2417.00000,5000.00000,5689.00000,4248.00000,4098.00000,3780.00000,3538.00000,3215.00000
364472.288,4115271.4343,3145.00000,2664.00000,4950.00000,6277.00000,4959.00000,4936.00000,4587.00000,4207.00000,3752.00000
364492.288,4115271.4343,3181.00000,2669.00000,4738.00000,5950.00000,4965.00000,4942.00000,4644.00000,4222.00000,3767.00000
368412.288,4107091.4343,3396.00000,2903.00000,5567.00000,6169.00000,5112.00000,4904.00000,4599.00000,4307.00000,3880.00000
364752.288,4113211.4343,2917.00000,2484.00000,4571.00000,5501.00000,5076.00000,5009.00000,4496.00000,3769.00000,3353.00000
368432.288,4107091.4343,3397.00000,2893.00000,5546.00000,6203.00000,5029.00000,4861.00000,4639.00000,4317.00000,3898.00000
364772.288,4113211.4343,2887.00000,2441.00000,4677.00000,5538.00000,5139.00000,5019.00000,4570.00000,3806.00000,3339.00000
368452.288,4107091.4343,3430.00000,2915.00000,5538.00000,6190.00000,5032.00000,4899.00000,4656.00000,4367.00000,3940.00000
364792.288,4113211.4343,2922.00000,2482.00000,4620.00000,5630.00000,5257.00000,5108.00000,4619.00000,3932.00000,3390.00000
368472.288,4107091.4343,3466.00000,2949.00000,5566.00000,6242.00000,5078.00000,4949.00000,4658.00000,4434.00000,3970.00000
368492.288,4107091.4343,3457.00000,2937.00000,5567.00000,6261.00000,5084.00000,4915.00000,4670.00000,4414.00000,3956.00000
368512.288,4107091.4343,3435.00000,2923.00000,5516.00000,6214.00000,5066.00000,4858.00000,4583.00000,4312.00000,3874.00000
368532.288,4107091.4343,3368.00000,2914.00000,5312.00000,6008.00000,4943.00000,4761.00000,4510.00000,4198.00000,3823.00000
368552.288,4107091.4343,3274.00000,2869.00000,5194.00000,5898.00000,4824.00000,4688.00000,4395.00000,4211.00000,3719.00000
368572.288,4107091.4343,3414.00000,2906.00000,5379.00000,6070.00000,4994.00000,4862.00000,4634.00000,4317.00000,3888.00000
368592.288,4107091.4343,3381.00000,2937.00000,5398.00000,6069.00000,4928.00000,4804.00000,4548.00000,4290.00000,3826.00000
368612.288,4107091.4343,3387.00000,2933.00000,5312.00000,5955.00000,4952.00000,4777.00000,4488.00000,4210.00000,3799.00000
368632.288,4107091.4343,3371.00000,2909.00000,5385.00000,5998.00000,4943.00000,4821.00000,4593.00000,4281.00000,3835.00000
368652.288,4107091.4343,3393.00000,2893.00000,5310.00000,5929.00000,4926.00000,4790.00000,4485.00000,4173.00000,3840.00000
368672.288,4107091.4343,3301.00000,2853.00000,5138.00000,5797.00000,4890.00000,4751.00000,4467.00000,4071.00000,3749.00000
365472.288,4113071.4343,2835.00000,2446.00000,5010.00000,5584.00000,4331.00000,4160.00000,3996.00000,3596.00000,3227.00000
365212.288,4113491.4343,3163.00000,2632.00000,4999.00000,5886.00000,5133.00000,5016.00000,4632.00000,4105.00000,3727.00000
365492.288,4113071.4343,2691.00000,2355.00000,5010.00000,5533.00000,4148.00000,3966.00000,3692.00000,3403.00000,3093.00000
365232.288,4113491.4343,3258.00000,2663.00000,5129.00000,5931.00000,5043.00000,4967.00000,4669.00000,4310.00000,3886.00000
365512.288,4113071.4343,2451.00000,2186.00000,4788.00000,5279.00000,3702.00000,3589.00000,3328.00000,3075.00000,2776.00000
365532.288,4113071.4343,2508.00000,2233.00000,4728.00000,5231.00000,3772.00000,3633.00000,3395.00000,3073.00000,2830.00000
367792.288,4111371.4343,3009.00000,2575.00000,4440.00000,5483.00000,5183.00000,5033.00000,4721.00000,3980.00000,3445.00000
365552.288,4113071.4343,2579.00000,2259.00000,4676.00000,5182.00000,3745.00000,3639.00000,3454.00000,3165.00000,2894.00000
367812.288,4111371.4343,3159.00000,2711.00000,4632.00000,5642.00000,5419.00000,5303.00000,4992.00000,4228.00000,3700.00000
365572.288,4113071.4343,2556.00000,2291.00000,4727.00000,5234.00000,3982.00000,3831.00000,3486.00000,3091.00000,2870.00000
365592.288,4113071.4343,2567.00000,2303.00000,4833.00000,5285.00000,3838.00000,3748.00000,3498.00000,3207.00000,2931.00000
367592.288,4111531.4343,2995.00000,2548.00000,4528.00000,5424.00000,5093.00000,4912.00000,4591.00000,3911.00000,3375.00000
367612.288,4111531.4343,3054.00000,2649.00000,4587.00000,5604.00000,5261.00000,5186.00000,4773.00000,4037.00000,3505.00000
367632.288,4111531.4343,3214.00000,2762.00000,4765.00000,5820.00000,5493.00000,5412.00000,4988.00000,4241.00000,3759.00000
367652.288,4111531.4343,3273.00000,2800.00000,4709.00000,5736.00000,5561.00000,5451.00000,4993.00000,4266.00000,3752.00000
367212.288,4112171.4343,3425.00000,2842.00000,4792.00000,5855.00000,5573.00000,5324.00000,5048.00000,4532.00000,4053.00000
365432.288,4113071.4343,2566.00000,2265.00000,4748.00000,5201.00000,3923.00000,3711.00000,3458.00000,3183.00000,2915.00000
365852.288,4111411.4343,2994.00000,2602.00000,4949.00000,6092.00000,4958.00000,4811.00000,4462.00000,3895.00000,3351.00000
365452.288,4113071.4343,2668.00000,2336.00000,4851.00000,5343.00000,4050.00000,3952.00000,3638.00000,3328.00000,3047.00000
365872.288,4111411.4343,2998.00000,2580.00000,4778.00000,5937.00000,4843.00000,4624.00000,4298.00000,3822.00000,3373.00000
364432.288,4115231.4343,3197.00000,2686.00000,5097.00000,6296.00000,4975.00000,4862.00000,4513.00000,4188.00000,3761.00000
365712.288,4113171.4343,2518.00000,2230.00000,4389.00000,4909.00000,4006.00000,3891.00000,3552.00000,3051.00000,2851.00000
364452.288,4115231.4343,3371.00000,2847.00000,5276.00000,6517.00000,5111.00000,5026.00000,4744.00000,4400.00000,3971.00000
365732.288,4113171.4343,2471.00000,2212.00000,4611.00000,4965.00000,3648.00000,3527.00000,3329.00000,3002.00000,2755.00000
364472.288,4115231.4343,3469.00000,2918.00000,5397.00000,6656.00000,5213.00000,5140.00000,4946.00000,4539.00000,4066.00000
365752.288,4113171.4343,2345.00000,2127.00000,4499.00000,4826.00000,3551.00000,3417.00000,3181.00000,2915.00000,2604.00000
364492.288,4115231.4343,3482.00000,2918.00000,4995.00000,6224.00000,5308.00000,5187.00000,4878.00000,4446.00000,4088.00000
364872.288,4113311.4343,2848.00000,2381.00000,4721.00000,5817.00000,4555.00000,4519.00000,4138.00000,3834.00000,3439.00000
367172.288,4112171.4343,2959.00000,2459.00000,4326.00000,5404.00000,5075.00000,4940.00000,4634.00000,4043.00000,3556.00000
367192.288,4112171.4343,3077.00000,2571.00000,4387.00000,5516.00000,5224.00000,5143.00000,4718.00000,4074.00000,3668.00000
368492.288,4107051.4343,3414.00000,2909.00000,5596.00000,6292.00000,5084.00000,4949.00000,4688.00000,4342.00000,3893.00000
368512.288,4107051.4343,3458.00000,2931.00000,5551.00000,6291.00000,5140.00000,5002.00000,4712.00000,4381.00000,3910.00000
368532.288,4107051.4343,3450.00000,2892.00000,5547.00000,6260.00000,5106.00000,5025.00000,4743.00000,4425.00000,3951.00000
365352.288,4113051.4343,2537.00000,2259.00000,4593.00000,5083.00000,3928.00000,3773.00000,3525.00000,3259.00000,2858.00000
368552.288,4107051.4343,3424.00000,2883.00000,5504.00000,6179.00000,5160.00000,5022.00000,4778.00000,4422.00000,3927.00000
365372.288,4113051.4343,2495.00000,2247.00000,4653.00000,5121.00000,3875.00000,3663.00000,3487.00000,3180.00000,2804.00000
365392.288,4113051.4343,2796.00000,2458.00000,4980.00000,5492.00000,4166.00000,4046.00000,3840.00000,3545.00000,3220.00000
365412.288,4113051.4343,2944.00000,2556.00000,5006.00000,5615.00000,4396.00000,4250.00000,3949.00000,3563.00000,3383.00000
365432.288,4113051.4343,2689.00000,2381.00000,4782.00000,5326.00000,4121.00000,3987.00000,3713.00000,3385.00000,3051.00000
367592.288,4111511.4343,3025.00000,2567.00000,4543.00000,5512.00000,5232.00000,5036.00000,4694.00000,3939.00000,3567.00000
367612.288,4111511.4343,3072.00000,2642.00000,4631.00000,5616.00000,5317.00000,5182.00000,4777.00000,4009.00000,3530.00000
367712.288,4111471.4343,2926.00000,2551.00000,4331.00000,5389.00000,5048.00000,4839.00000,4511.00000,3650.00000,3145.00000
367632.288,4111511.4343,3175.00000,2705.00000,4739.00000,5727.00000,5345.00000,5186.00000,4860.00000,4115.00000,3640.00000
367732.288,4111471.4343,3206.00000,2756.00000,4656.00000,5707.00000,5330.00000,5221.00000,4836.00000,4149.00000,3682.00000
367652.288,4111511.4343,3136.00000,2671.00000,4600.00000,5607.00000,5342.00000,5182.00000,4803.00000,4060.00000,3581.00000
367752.288,4111471.4343,3259.00000,2823.00000,4287.00000,5261.00000,5189.00000,5080.00000,4720.00000,4075.00000,3638.00000
367672.288,4111511.4343,3118.00000,2664.00000,4477.00000,5531.00000,5290.00000,5166.00000,4750.00000,3977.00000,3546.00000
367692.288,4111511.4343,3116.00000,2682.00000,4544.00000,5622.00000,5331.00000,5197.00000,4757.00000,4052.00000,3602.00000
365872.288,4113271.4343,2490.00000,2210.00000,4794.00000,5265.00000,3813.00000,3665.00000,3446.00000,3126.00000,2836.00000
368452.288,4107171.4343,3493.00000,2931.00000,5668.00000,6316.00000,5141.00000,4972.00000,4697.00000,4441.00000,3964.00000
368472.288,4107171.4343,3504.00000,2959.00000,5667.00000,6349.00000,5191.00000,5047.00000,4757.00000,4479.00000,4017.00000
368492.288,4107171.4343,3529.00000,2972.00000,5684.00000,6417.00000,5223.00000,5110.00000,4804.00000,4535.00000,4048.00000
368512.288,4107171.4343,3558.00000,2994.00000,5715.00000,6328.00000,5208.00000,5122.00000,4842.00000,4579.00000,4077.00000
368532.288,4107171.4343,3561.00000,3008.00000,5651.00000,6303.00000,5206.00000,5041.00000,4801.00000,4535.00000,4054.00000
368552.288,4107171.4343,3506.00000,2991.00000,5544.00000,6160.00000,5081.00000,4969.00000,4691.00000,4456.00000,3956.00000
368572.288,4107171.4343,3401.00000,2924.00000,5309.00000,5878.00000,4876.00000,4734.00000,4483.00000,4164.00000,3822.00000
368592.288,4107171.4343,3273.00000,2854.00000,5172.00000,5761.00000,4790.00000,4662.00000,4343.00000,4158.00000,3674.00000
364752.288,4113171.4343,2956.00000,2533.00000,4723.00000,5488.00000,4635.00000,4573.00000,4269.00000,3771.00000,3347.00000
368612.288,4107171.4343,3368.00000,2914.00000,5149.00000,5668.00000,4893.00000,4777.00000,4544.00000,4206.00000,3791.00000
368432.288,4107051.4343,3364.00000,2869.00000,5433.00000,6105.00000,4968.00000,4807.00000,4546.00000,4257.00000,3836.00000
364772.288,4113171.4343,2746.00000,2341.00000,4488.00000,5417.00000,4683.00000,4538.00000,4152.00000,3703.00000,3206.00000
368452.288,4107051.4343,3374.00000,2915.00000,5443.00000,6118.00000,4991.00000,4824.00000,4569.00000,4302.00000,3817.00000
364792.288,4113171.4343,2652.00000,2275.00000,4201.00000,5234.00000,4597.00000,4508.00000,4155.00000,3672.00000,3188.00000
368472.288,4107051.4343,3416.00000,2905.00000,5548.00000,6233.00000,5039.00000,4896.00000,4658.00000,4350.00000,3892.00000
368552.288,4107031.4343,3371.00000,2856.00000,5349.00000,6068.00000,5095.00000,4941.00000,4707.00000,4263.00000,3864.00000
367632.288,4111471.4343,3060.00000,2604.00000,4473.00000,5453.00000,5246.00000,5135.00000,4745.00000,4030.00000,3516.00000
367652.288,4111471.4343,3074.00000,2656.00000,4480.00000,5460.00000,5226.00000,5167.00000,4711.00000,4001.00000,3591.00000
367672.288,4111471.4343,3031.00000,2607.00000,4372.00000,5379.00000,5142.00000,5050.00000,4671.00000,3889.00000,3442.00000
367692.288,4111471.4343,3013.00000,2587.00000,4341.00000,5320.00000,5010.00000,4937.00000,4494.00000,3773.00000,3289.00000
368272.288,4107171.4343,3322.00000,2854.00000,5306.00000,5764.00000,4979.00000,4870.00000,4543.00000,4114.00000,3670.00000
368292.288,4107171.4343,3349.00000,2866.00000,5446.00000,5955.00000,5054.00000,4925.00000,4636.00000,4193.00000,3711.00000
368312.288,4107171.4343,3374.00000,2873.00000,5562.00000,6100.00000,5181.00000,4988.00000,4661.00000,4299.00000,3795.00000
368332.288,4107171.4343,3426.00000,2918.00000,5610.00000,6211.00000,5192.00000,5087.00000,4738.00000,4394.00000,3899.00000
368352.288,4107171.4343,3513.00000,2959.00000,5705.00000,6321.00000,5205.00000,5114.00000,4824.00000,4471.00000,3976.00000
368372.288,4107171.4343,3525.00000,2987.00000,5800.00000,6388.00000,5232.00000,5072.00000,4809.00000,4498.00000,4025.00000
368392.288,4107171.4343,3527.00000,2987.00000,5746.00000,6355.00000,5235.00000,5105.00000,4823.00000,4473.00000,4020.00000
368412.288,4107171.4343,3529.00000,2970.00000,5763.00000,6324.00000,5184.00000,5029.00000,4764.00000,4496.00000,4016.00000
368432.288,4107171.4343,3483.00000,2976.00000,5704.00000,6368.00000,5113.00000,4958.00000,4731.00000,4438.00000,3968.00000
367192.288,4112711.4343,2753.00000,2397.00000,4052.00000,4991.00000,5188.00000,5024.00000,4551.00000,3539.00000,2940.00000
367212.288,4112711.4343,2972.00000,2592.00000,4193.00000,5139.00000,5245.00000,5050.00000,4638.00000,3717.00000,3269.00000
367232.288,4112711.4343,3033.00000,2634.00000,4561.00000,5413.00000,5202.00000,4986.00000,4654.00000,3849.00000,3377.00000
368452.288,4106991.4343,3312.00000,2802.00000,5412.00000,6033.00000,4984.00000,4865.00000,4599.00000,4195.00000,3759.00000
367252.288,4112711.4343,3091.00000,2640.00000,4419.00000,5364.00000,4977.00000,4874.00000,4548.00000,3871.00000,3469.00000
368472.288,4106991.4343,3323.00000,2851.00000,5439.00000,6153.00000,5027.00000,4895.00000,4591.00000,4189.00000,3768.00000
368492.288,4106991.4343,3354.00000,2848.00000,5462.00000,6147.00000,5028.00000,4870.00000,4609.00000,4256.00000,3789.00000
368512.288,4106991.4343,3347.00000,2835.00000,5407.00000,6100.00000,4999.00000,4880.00000,4530.00000,4234.00000,3792.00000
368432.288,4107031.4343,3335.00000,2872.00000,5324.00000,5950.00000,4933.00000,4796.00000,4513.00000,4196.00000,3774.00000
368452.288,4107031.4343,3384.00000,2886.00000,5441.00000,6102.00000,4980.00000,4843.00000,4575.00000,4228.00000,3811.00000
368472.288,4107031.4343,3412.00000,2906.00000,5527.00000,6212.00000,5101.00000,4906.00000,4636.00000,4280.00000,3868.00000
368492.288,4107031.4343,3413.00000,2885.00000,5571.00000,6279.00000,5128.00000,4930.00000,4687.00000,4333.00000,3890.00000
367132.288,4112131.4343,2875.00000,2377.00000,4401.00000,5400.00000,4980.00000,4810.00000,4392.00000,3853.00000,3413.00000
368512.288,4107031.4343,3428.00000,2895.00000,5537.00000,6274.00000,5123.00000,4975.00000,4715.00000,4389.00000,3933.00000
367152.288,4112131.4343,2957.00000,2475.00000,4425.00000,5532.00000,5112.00000,4966.00000,4602.00000,3981.00000,3527.00000
368532.288,4107031.4343,3425.00000,2875.00000,5534.00000,6249.00000,5086.00000,5015.00000,4714.00000,4384.00000,3932.00000
367172.288,4112131.4343,3074.00000,2556.00000,4499.00000,5651.00000,5073.00000,5043.00000,4604.00000,4013.00000,3665.00000
367192.288,4112131.4343,2933.00000,2459.00000,4500.00000,5657.00000,5103.00000,4893.00000,4594.00000,4049.00000,3538.00000
367672.288,4111451.4343,3059.00000,2620.00000,4381.00000,5382.00000,5275.00000,5119.00000,4771.00000,3903.00000,3381.00000
367692.288,4111451.4343,3117.00000,2666.00000,4329.00000,5359.00000,5167.00000,5113.00000,4747.00000,3922.00000,3558.00000
365332.288,4113011.4343,3131.00000,2668.00000,5515.00000,6457.00000,4872.00000,4746.00000,4481.00000,4165.00000,3744.00000
367712.288,4111451.4343,3052.00000,2588.00000,4326.00000,5441.00000,5208.00000,5043.00000,4725.00000,3901.00000,3370.00000
365352.288,4113011.4343,3220.00000,2718.00000,5574.00000,6463.00000,5020.00000,4843.00000,4573.00000,4248.00000,3807.00000
367732.288,4111451.4343,3250.00000,2790.00000,4659.00000,5799.00000,5439.00000,5334.00000,4945.00000,4230.00000,3707.00000
365372.288,4113011.4343,3079.00000,2611.00000,5456.00000,6355.00000,4784.00000,4642.00000,4404.00000,4080.00000,3656.00000
367752.288,4111451.4343,3294.00000,2867.00000,4704.00000,5862.00000,5506.00000,5400.00000,4999.00000,4283.00000,3708.00000
365392.288,4113011.4343,3078.00000,2609.00000,5424.00000,6256.00000,4787.00000,4676.00000,4341.00000,4038.00000,3671.00000
365412.288,4113011.4343,2885.00000,2511.00000,5056.00000,5718.00000,4345.00000,4138.00000,3929.00000,3628.00000,3350.00000
365832.288,4113251.4343,2551.00000,2247.00000,4582.00000,5088.00000,3982.00000,3806.00000,3538.00000,3150.00000,2840.00000
365852.288,4113251.4343,2517.00000,2254.00000,4851.00000,5232.00000,3871.00000,3696.00000,3512.00000,3234.00000,2904.00000
367252.288,4112691.4343,3211.00000,2761.00000,4656.00000,5611.00000,5114.00000,5003.00000,4614.00000,4067.00000,3664.00000
367032.288,4112971.4343,2805.00000,2326.00000,4456.00000,5470.00000,4797.00000,4729.00000,4283.00000,3795.00000,3247.00000
368572.288,4107131.4343,3367.00000,2922.00000,5267.00000,5949.00000,4839.00000,4671.00000,4431.00000,4173.00000,3790.00000
368592.288,4107131.4343,3527.00000,3008.00000,5503.00000,6139.00000,5174.00000,5002.00000,4758.00000,4453.00000,3971.00000
368612.288,4107131.4343,3501.00000,3007.00000,5503.00000,6166.00000,5108.00000,4992.00000,4722.00000,4391.00000,3969.00000
368632.288,4107131.4343,3464.00000,2981.00000,5458.00000,6130.00000,5089.00000,4927.00000,4678.00000,4323.00000,3917.00000
365272.288,4113011.4343,2411.00000,2161.00000,4357.00000,4828.00000,3640.00000,3613.00000,3305.00000,2988.00000,2660.00000
368652.288,4107131.4343,3433.00000,2944.00000,5420.00000,6064.00000,5041.00000,4873.00000,4644.00000,4303.00000,3878.00000
365292.288,4113011.4343,2868.00000,2484.00000,5105.00000,5787.00000,4504.00000,4321.00000,4010.00000,3701.00000,3378.00000
368672.288,4107131.4343,3408.00000,2940.00000,5371.00000,6030.00000,4977.00000,4861.00000,4570.00000,4280.00000,3837.00000
365312.288,4113011.4343,3052.00000,2584.00000,5387.00000,6286.00000,4851.00000,4704.00000,4381.00000,4101.00000,3644.00000
368692.288,4107131.4343,3382.00000,2891.00000,5360.00000,5993.00000,4966.00000,4855.00000,4567.00000,4230.00000,3777.00000
368712.288,4107131.4343,3352.00000,2903.00000,5362.00000,5987.00000,5045.00000,4901.00000,4624.00000,4217.00000,3770.00000
368732.288,4107131.4343,3341.00000,2899.00000,5352.00000,5990.00000,5072.00000,4916.00000,4623.00000,4227.00000,3768.00000
368752.288,4107131.4343,3310.00000,2878.00000,5333.00000,5984.00000,5011.00000,4809.00000,4539.00000,4141.00000,3724.00000
368772.288,4107131.4343,3265.00000,2848.00000,5297.00000,5941.00000,4853.00000,4681.00000,4456.00000,4080.00000,3642.00000
364472.288,4115311.4343,3211.00000,2713.00000,5029.00000,6365.00000,5100.00000,4936.00000,4538.00000,4245.00000,3800.00000
368792.288,4107131.4343,3289.00000,2849.00000,5201.00000,5890.00000,4952.00000,4793.00000,4542.00000,4146.00000,3696.00000
364492.288,4115311.4343,3268.00000,2745.00000,5063.00000,6388.00000,5089.00000,5069.00000,4646.00000,4316.00000,3863.00000
368812.288,4107131.4343,3298.00000,2828.00000,5207.00000,5787.00000,4948.00000,4789.00000,4566.00000,4215.00000,3670.00000
367112.288,4112691.4343,3116.00000,2655.00000,4621.00000,5446.00000,5228.00000,5144.00000,4758.00000,4001.00000,3581.00000
367132.288,4112691.4343,3253.00000,2765.00000,4940.00000,5866.00000,5264.00000,5113.00000,4710.00000,4151.00000,3783.00000
367152.288,4112111.4343,3035.00000,2522.00000,4507.00000,5582.00000,5222.00000,5113.00000,4734.00000,4096.00000,3617.00000
367152.288,4112691.4343,3065.00000,2634.00000,4794.00000,5693.00000,5152.00000,4992.00000,4629.00000,4048.00000,3510.00000
367172.288,4112111.4343,2951.00000,2441.00000,4467.00000,5554.00000,4950.00000,4857.00000,4496.00000,3947.00000,3562.00000
367172.288,4112691.4343,3042.00000,2611.00000,4437.00000,5402.00000,5128.00000,4950.00000,4600.00000,3795.00000,3434.00000
365852.288,4111511.4343,2916.00000,2507.00000,4996.00000,6062.00000,4697.00000,4503.00000,4298.00000,3873.00000,3303.00000
367192.288,4112111.4343,2836.00000,2357.00000,4442.00000,5502.00000,4909.00000,4740.00000,4434.00000,3948.00000,3449.00000
367192.288,4112691.4343,2883.00000,2510.00000,4220.00000,5136.00000,5284.00000,5080.00000,4627.00000,3642.00000,3108.00000
365872.288,4111511.4343,2987.00000,2554.00000,5048.00000,6112.00000,4852.00000,4690.00000,4405.00000,3977.00000,3403.00000
367212.288,4112691.4343,3204.00000,2761.00000,4536.00000,5523.00000,5308.00000,5167.00000,4782.00000,3978.00000,3577.00000
367232.288,4112691.4343,3259.00000,2802.00000,4769.00000,5692.00000,5330.00000,5142.00000,4857.00000,4166.00000,3683.00000
368372.288,4107131.4343,3364.00000,2924.00000,5470.00000,6090.00000,4882.00000,4766.00000,4521.00000,4218.00000,3762.00000
367032.288,4112911.4343,3113.00000,2643.00000,4816.00000,5634.00000,5077.00000,4923.00000,4715.00000,4129.00000,3648.00000
368392.288,4107131.4343,3378.00000,2920.00000,5536.00000,6203.00000,4941.00000,4801.00000,4554.00000,4276.00000,3834.00000
367052.288,4112911.4343,3363.00000,2772.00000,5427.00000,6527.00000,5634.00000,5466.00000,5028.00000,4462.00000,4023.00000
368412.288,4107131.4343,3397.00000,2904.00000,5579.00000,6211.00000,4970.00000,4804.00000,4550.00000,4298.00000,3832.00000
367072.288,4112911.4343,3277.00000,2762.00000,5275.00000,6325.00000,5356.00000,5211.00000,4916.00000,4334.00000,3779.00000
368432.288,4107131.4343,3418.00000,2911.00000,5575.00000,6241.00000,5019.00000,4850.00000,4575.00000,4308.00000,3875.00000
367092.288,4112911.4343,3272.00000,2761.00000,5430.00000,6362.00000,5366.00000,5162.00000,4856.00000,4493.00000,3823.00000
368452.288,4107131.4343,3446.00000,2948.00000,5582.00000,6287.00000,5085.00000,4924.00000,4672.00000,4332.00000,3924.00000
368472.288,4107131.4343,3503.00000,2979.00000,5637.00000,6330.00000,5122.00000,4992.00000,4764.00000,4432.00000,4010.00000
368492.288,4107131.4343,3550.00000,3019.00000,5659.00000,6352.00000,5187.00000,5039.00000,4836.00000,4526.00000,4066.00000
368512.288,4107131.4343,3557.00000,3007.00000,5667.00000,6361.00000,5212.00000,5070.00000,4831.00000,4520.00000,4080.00000
364832.288,4113251.4343,2871.00000,2394.00000,4534.00000,5611.00000,4588.00000,4463.00000,4162.00000,3810.00000,3402.00000
368532.288,4107131.4343,3520.00000,2980.00000,5611.00000,6259.00000,5098.00000,4987.00000,4747.00000,4437.00000,4030.00000
364852.288,4113251.4343,2861.00000,2379.00000,4620.00000,5603.00000,4547.00000,4485.00000,4159.00000,3822.00000,3421.00000
368552.288,4107131.4343,3323.00000,2866.00000,5282.00000,5994.00000,4825.00000,4693.00000,4365.00000,4205.00000,3744.00000
365852.288,4111451.4343,3139.00000,2593.00000,5013.00000,6221.00000,5276.00000,4977.00000,4641.00000,4076.00000,3579.00000
365872.288,4111451.4343,2583.00000,2270.00000,3975.00000,5163.00000,4582.00000,4443.00000,4098.00000,3295.00000,2766.00000
367752.288,4111411.4343,3022.00000,2573.00000,4201.00000,5248.00000,5632.00000,5479.00000,4948.00000,3752.00000,3254.00000
367772.288,4111411.4343,3141.00000,2697.00000,4476.00000,5505.00000,5488.00000,5279.00000,4862.00000,4054.00000,3556.00000
367792.288,4111411.4343,3146.00000,2668.00000,4597.00000,5628.00000,5290.00000,5172.00000,4823.00000,4124.00000,3687.00000
365852.288,4111491.4343,3123.00000,2685.00000,5238.00000,6311.00000,5064.00000,4890.00000,4569.00000,4041.00000,3528.00000
367812.288,4111411.4343,3210.00000,2744.00000,4690.00000,5732.00000,5316.00000,5205.00000,4856.00000,4143.00000,3696.00000
365872.288,4111491.4343,3153.00000,2727.00000,5104.00000,6191.00000,5043.00000,4832.00000,4571.00000,4168.00000,3592.00000
365792.288,4113211.4343,2456.00000,2194.00000,4619.00000,5030.00000,3775.00000,3592.00000,3355.00000,3049.00000,2787.00000
367832.288,4111411.4343,3281.00000,2825.00000,4784.00000,5796.00000,5489.00000,5418.00000,4951.00000,4230.00000,3749.00000
365812.288,4113211.4343,2440.00000,2167.00000,4646.00000,5028.00000,3704.00000,3635.00000,3298.00000,2991.00000,2745.00000
