id,xcoord(long),ycoord(lat),sampling date,sensing date,B2,B3,B4,B5,B6,B7,B8A,B11,B12,NDVI,BSI,TVI,EVI,SATVI,SAVI,BI2,AVI,NDMI,C,S,SWHC,Sand (%),Silt (%),Clay (%),SOC,Moisture,,SWHC,S,,C,,ST,,,id,m_v_0909 - m_v_0902
1,127.4844862,37.1540762,2022-7-26,2022-9-24,2020,2555,3095,3264,3774,4137,4234,5107,4041,0.155410015,0.134753735,80.95739713,0.371979099,-2020.009448,0.23309912,1944.616672,-2461.869129,-0.093458944,,,0.7,68,30.5,1.6,0.71 ,-0.035867542,,id,Sample amount,Water,Retained ,Retained(%),sand,silt,clay,1 ,-0.035867542
1,127.4844862,37.1540762,2022-7-26,2022-10-19,1640,2002,2397,2781,3036,3232,3188,3986,3095,0.141629364,0.138703059,80.10177054,0.375166003,-1547.002193,0.212425029,1487.613936,-1821.351929,-0.111235015,,,0.7,68,30.5,1.6,0.71 ,-0.035867542,,10,37,74,23,31%,29.1,70.9,0.0,2 ,-0.061689919
1,127.4844862,37.1540762,2022-7-26,2022-10-29,1929,2325,2793,3124,3434,3429,3635,4849,3928,0.130989421,0.157352718,79.43484256,0.355184342,-1963.461991,0.19646885,1713.336543,-2044.453828,-0.143092881,,,0.7,68,30.5,1.6,0.71 ,-0.035867542,,11,42,84,22,26%,65.4,34.6,0.0,3 ,-0.081699146
1,127.4844862,37.1540762,2022-7-26,2022-6-11,2387,2955,3646,3441,4298,4607,4869,5624,4324,0.14362889,0.121868571,80.22648504,0.345734155,-2161.573293,0.215430685,2254.193672,-2789.467172,-0.07195273,,,0.7,68,30.5,1.6,0.71 ,-0.035867542,,12,46,92,38,41%,54.3,45.7,0.0,4 ,-0.239936236
2,127.4852446,37.1545173,2022-7-26,2022-6-1,3075,3914,4958,5340,5515,5755,5967,6441,4969,0.092356979,0.11530747,76.96473085,0.199351958,-2484.239825,0.138529129,2896.477727,-3101.858919,-0.038201161,,,0.75,75.2,23.6,1.2,0.86 ,-0.061689919,,13,37,74,16,22%,37.3,62.7,0.0,5 ,0.292052481
2,127.4852446,37.1545173,2022-7-26,2022-9-24,2019,2598,3245,3743,3882,3961,4130,5577,4254,0.12,0.178545187,78.74007874,0.261571201,-2126.471382,0.179987797,1953.245988,-2280.29686,-0.149067683,,,0.75,75.2,23.6,1.2,0.86 ,-0.061689919,,14,40,80,16,20%,36.0,57.6,6.4,6 ,-0.062182527
2,127.4852446,37.1545173,2022-7-26,2022-10-19,2092,2660,3223,3537,3746,3870,4026,4894,4060,0.1107739,0.140428521,78.15202492,0.261563518,-2029.588322,0.16614939,1934.252799,-2183.927837,-0.097309417,,,0.75,75.2,23.6,1.2,0.86 ,-0.061689919,,15,44,88,22,25%,17.1,82.9,0.0,7 ,0.193729696
2,127.4852446,37.1545173,2022-7-26,2022-10-29,2298,2778,3347,3668,3849,3983,4165,5314,4385,0.108892439,0.145331923,78.0315602,0.291601312,-2192.045832,0.163327787,2007.400696,-2250.598795,-0.121215318,,,0.75,75.2,23.6,1.2,0.86 ,-0.061689919,,16,42,84,20,24%,52.4,23.5,24.1,8 ,-0.087322189
2,127.4852446,37.1545173,2022-7-26,2022-6-11,2766,3462,4336,4780,4884,5178,5311,6270,5186,0.101067689,0.1353637,77.52855535,0.230322215,-2592.635335,0.151593677,2560.231348,-2820.91504,-0.082808048,,,0.75,75.2,23.6,1.2,0.86 ,-0.061689919,,17,36,72,12,17%,42.6,45.5,11.9,10 ,0.213234127
3,127.4861837,37.1552674,2022-7-26,2022-6-1,2955,3741,4904,5519,5619,5813,5986,6298,4692,0.099357208,0.112247431,77.41816379,0.204174057,-2345.751138,0.14902897,2865.047857,-3166.712397,-0.025398893,,,0.8,63.8,33.5,2.7,0.87 ,-0.081699146,,18,25,50,20,40%,37.8,53.5,8.7,11 ,0.023430174
3,127.4861837,37.1552674,2022-7-26,2022-9-24,2613,3380,4201,4668,4797,4986,5049,6451,5001,0.091675676,0.163263077,76.92045734,0.198902285,-2500.077584,0.137506081,2462.275416,-2619.892698,-0.121913043,,,0.8,63.8,33.5,2.7,0.87 ,-0.081699146,,19,39,78,12,15%,43.3,56.7,0.0,12 ,-0.046699654
3,127.4861837,37.1552674,2022-7-26,2022-10-19,2021,2608,3308,3639,3716,3921,3992,5077,3987,0.09369863,0.164745103,77.05184165,0.196925203,-1993.078106,0.140538319,1934.499418,-2082.381402,-0.119638328,,,0.8,63.8,33.5,2.7,0.87 ,-0.081699146,,20,42,84,19,23%,50.8,49.2,0.0,13 ,-0.150485907
3,127.4861837,37.1552674,2022-7-26,2022-10-29,2219,2787,3469,3898,4111,4265,4303,5617,4448,0.107308286,0.164274731,77.92998692,0.246003186,-2223.527237,0.160952075,2063.361308,-2317.423972,-0.132459677,,,0.8,63.8,33.5,2.7,0.87 ,-0.081699146,,21,26,52,22,42%,51.3,48.7,0.0,14 ,0.059796027
3,127.4861837,37.1552674,2022-7-26,2022-6-11,2644,3289,4224,4661,4691,4944,5192,5988,4878,0.102803738,0.131648936,77.64043652,0.226020361,-2438.654558,0.154197419,2485.883724,-2768.707269,-0.071198569,,,0.8,63.8,33.5,2.7,0.87 ,-0.081699146,,22,40,80,19,24%,44.5,55.5,0.0,15 ,-0.410279265
4,127.4828685,37.1539711,2022-7-26,2022-6-1,2907,3692,4737,5347,5423,5666,5909,6465,4969,0.110088296,0.119192727,78.10814913,0.233848118,-2484.191511,0.165124689,2808.445873,-3200.990843,-0.044932924,,,1,77.8,17.6,4.7,1.00 ,-0.239936236,,23,46,92,27,29%,65.4,34.6,0.0,16 ,-0.219577538
4,127.4828685,37.1539711,2022-7-26,2022-9-24,2226,2842,3530,3903,4018,4186,4289,5753,4479,0.097071237,0.175212052,77.2703848,0.216239316,-2239.021112,0.145597545,2079.887417,-2256.402091,-0.145787692,,,1,77.8,17.6,4.7,1.00 ,-0.239936236,,24,35,70,25,36%,48.4,42.1,9.5,17 ,0.097270915
4,127.4828685,37.1539711,2022-7-26,2022-10-19,2167,2741,3361,3570,3739,3890,3921,4994,4043,0.07690195,0.15696185,75.95406178,0.178673984,-2021.109143,0.115345005,1948.892649,-1946.740432,-0.120358946,,,1,77.8,17.6,4.7,1.00 ,-0.239936236,,25,28,56,18,32%,35.5,53.6,11.0,18 ,0.107423312
4,127.4828685,37.1539711,2022-7-26,2022-10-29,2171,2654,3191,3550,3702,3827,3951,5078,4200,0.10641277,0.149190466,77.87250924,0.278776319,-2099.543652,0.15960798,1910.10756,-2123.751841,-0.124820024,,,1,77.8,17.6,4.7,1.00 ,-0.239936236,,26,30,60,20,33%,37.5,46.1,16.4,19 ,0.191770559
4,127.4828685,37.1539711,2022-7-26,2022-6-11,2647,3298,4216,4684,4753,5015,5263,6288,5087,0.110454689,0.140871076,78.13159984,0.244454821,-2543.105521,0.165673295,2502.235201,-2853.158358,-0.088736906,,,1,77.8,17.6,4.7,1.00 ,-0.239936236,,27,30,60,15,25%,36.9,56.5,6.7,20 ,0.06376819
5,127.4812562,37.1576694,2022-7-26,2022-6-1,2753,3298,3778,3928,4175,4433,4638,5442,4830,0.102186312,0.11010776,77.60066442,0.322847061,-2414.639085,0.153270362,2276.965134,-2469.782601,-0.079761905,,,0.7,81.1,16,2.9,0.84 ,0.292052481,,28,46,92,27,29%,48.9,51.1,0.0,21 ,-0.083520612
5,127.4812562,37.1576694,2022-7-26,2022-10-29,1790,2012,2292,2565,2807,3083,3344,4109,3290,0.186657204,0.109839619,82.86478164,0.716230937,-1644.432365,0.279960969,1508.632346,-2004.94455,-0.102643231,,,0.7,81.1,16,2.9,0.84 ,0.292052481,,29,46,92,49,53%,21.4,78.6,0.0,22 ,-0.043740885
5,127.4812562,37.1576694,2022-7-26,2022-6-11,2718,3288,3676,4094,4347,4433,4573,5314,4774,0.108740453,0.104354769,78.02182088,0.35908727,-2386.635636,0.163100794,2241.929947,-2470.303589,-0.0749469,,,0.7,81.1,16,2.9,0.84 ,0.292052481,,30,45,90,28,31%,63.3,36.7,0.0,23 ,-0.113342927
6,127.489336,37.1402543,2022-7-26,2022-6-1,3080,3774,4587,4769,5372,5739,5826,6558,5134,0.118985883,0.111665254,78.67565589,0.302224607,-2566.646331,0.178470255,2773.403865,-3210.888902,-0.059108527,,,0.7,68,30.3,1.7,1.07 ,-0.062182527,,31,45,90,25,28%,36.9,63.1,0.0,24 ,0.07287496
6,127.489336,37.1402543,2022-7-26,2022-9-24,2619,3291,3892,4050,4372,4792,4939,5744,4258,0.11855962,0.120856113,78.6485613,0.302618648,-2128.615648,0.177829361,2365.77603,-2719.875215,-0.075353365,,,0.7,68,30.3,1.7,1.07 ,-0.062182527,,32,40,80,20,25%,48.0,52.0,0.0,25 ,0.072066665
6,127.489336,37.1402543,2022-7-26,2022-10-19,2365,2894,3555,3695,3960,4118,4291,5450,4175,0.093805761,0.149990422,77.0587932,0.233369269,-2087.079169,0.140699675,2093.002681,-2238.985344,-0.118981624,,,0.7,68,30.3,1.7,1.07 ,-0.062182527,,33,40,80,25,31%,59.5,40.5,0.0,26 ,-0.27800315
6,127.489336,37.1402543,2022-7-26,2022-10-29,2533,3107,3838,4507,4335,4410,4543,6085,4712,0.08411884,0.16748044,76.42766778,0.205551344,-2355.547158,0.126170733,2236.627968,-2307.6745,-0.145088446,,,0.7,68,30.3,1.7,1.07 ,-0.062182527,,34,29,58,22,38%,40.5,44.8,14.7,27 ,0.125509022
10,127.5143499,37.14533637,2022-8-27,2022-6-1,2360,3076,4017,4191,4523,4758,4662,5297,4314,0.074317318,0.140303624,75.78372633,0.145729779,-2156.725174,0.111469555,2293.282679,-2294.256105,-0.063761422,23,37,0.621621622,29.12621359,70.87378641,0,0.30,0.213234127,,35,30,60,14,23%,16.55629139,83.44370861,0,28 ,-0.013581839
10,127.5143499,37.14533637,2022-8-27,2022-9-24,1793,2328,2963,3215,3429,3515,3540,4190,3238,0.088728279,0.145763255,76.72863085,0.18325605,-1618.656975,0.133082187,1723.386621,-1822.166438,-0.084087969,23,37,0.621621622,29.12621359,70.87378641,0,0.30,0.213234127,,36,30,60,15,25%,63.67924528,32.54716981,3.773584906,29 ,0.008053001
10,127.5143499,37.14533637,2022-8-27,2022-6-11,2267,3039,4062,4326,4623,4678,4761,5346,4223,0.079224753,0.144804089,76.10681661,0.144046491,-2111.22707,0.118830396,2319.063173,-2381.969058,-0.057880677,23,37,0.621621622,29.12621359,70.87378641,0,0.30,0.213234127,,37,30,60,25,42%,66.06498195,30.32490975,3.610108303,30 ,0.13174543
11,127.5096228,37.14043306,2022-8-27,2022-6-1,2634,3336,4182,4643,4939,5175,5240,6247,5120,0.112290384,0.139594602,78.2489862,0.250047268,-2559.604027,0.168426638,2496.121881,-2851.230802,-0.087664316,22,42,0.523809524,65.37313433,34.62686567,0,1.00,0.023430174,,38,30,60,17,28%,45.2173913,54.7826087,0,31 ,0.095917675
11,127.5096228,37.14043306,2022-8-27,2022-9-24,2400,3030,3778,4244,4482,4632,4774,6116,4751,0.116463985,0.15936255,78.5152205,0.263687387,-2375.027438,0.174685764,2266.795585,-2618.7633,-0.123232323,22,42,0.523809524,65.37313433,34.62686567,0,1.00,0.023430174,,39,30,60,17,28%,67.67241379,32.32758621,0,32 ,-0.389873342
11,127.5096228,37.14043306,2022-8-27,2022-10-19,2519,3209,3717,4432,4708,4845,4978,5634,4519,0.145025877,0.110042735,80.31350303,0.375812124,-2259.090034,0.217526307,2330.814212,-2857.252105,-0.061816811,22,42,0.523809524,65.37313433,34.62686567,0,1.00,0.023430174,,40,30,60,18,30%,63.83763838,36.16236162,0,33 ,-0.56052447
11,127.5096228,37.14043306,2022-8-27,2022-10-24,3085,4003,4527,5472,5873,5999,6148,6991,5382,0.151850117,0.110115175,80.73723534,0.398338821,-2690.572185,0.227764508,2873.550688,-3559.676032,-0.064160134,22,42,0.523809524,65.37313433,34.62686567,0,1.00,0.023430174,,41,30,60,19,32%,55.03355705,44.96644295,0,34 ,0.026018541
11,127.5096228,37.14043306,2022-8-27,2022-10-29,2390,2941,3580,4010,4284,4454,4566,5809,4737,0.121041002,0.14885286,78.80615469,0.303496676,-2368.02524,0.181550359,2168.313144,-2525.75666,-0.119807229,22,42,0.523809524,65.37313433,34.62686567,0,1.00,0.023430174,,42,30,60,18,30%,66.66666667,32.3024055,1.030927835,35 ,0.060714424
11,127.5096228,37.14043306,2022-8-27,2022-6-11,2478,3158,4009,4484,4852,5071,5323,6147,4949,0.140805829,0.131146628,80.05034849,0.30436394,-2474.07901,0.211197428,2458.07906,-3037.804689,-0.071839582,22,42,0.523809524,65.37313433,34.62686567,0,1.00,0.023430174,,43,30,60,21,35%,36.5,61,2.5,36 ,-0.071454184
12,127.5100907,37.14023002,2022-8-27,2022-6-1,2730,3392,4198,4571,4961,5140,5283,6174,4989,0.114439405,0.128311123,78.38618533,0.271331399,-2494.119011,0.171650055,2517.471328,-2886.79829,-0.077769049,38,46,0.826086957,54.30107527,45.69892473,0,1.54,-0.046699654,,44,30,60,19,32%,32.69230769,67.30769231,0,37 ,0.048590798
12,127.5100907,37.14023002,2022-8-27,2022-9-24,2434,3086,3820,4194,4611,4735,4874,5925,4609,0.121233034,0.142907406,78.8183376,0.276205451,-2304.068028,0.181839094,2306.311919,-2697.068218,-0.097323826,38,46,0.826086957,54.30107527,45.69892473,0,1.54,-0.046699654,,45,30,60,20,33%,38.02816901,61.97183099,0,38 ,0.151140422
12,127.5100907,37.14023002,2022-8-27,2022-10-19,2426,2997,3544,3990,4288,4346,4472,5231,4178,0.115768463,0.119760097,78.47091583,0.307610713,-2088.615542,0.173641864,2148.403257,-2449.85459,-0.07822323,38,46,0.826086957,54.30107527,45.69892473,0,1.54,-0.046699654,,46,30,60,20,33%,61.15485564,23.88451444,14.96062992,39 ,0.039133731
12,127.5100907,37.14023002,2022-8-27,2022-10-24,2636,3368,4002,4623,4928,5124,5210,6164,4582,0.131133304,0.12880302,79.44389872,0.319475299,-2290.574702,0.196689281,2460.883491,-2931.057937,-0.083875506,38,46,0.826086957,54.30107527,45.69892473,0,1.54,-0.046699654,,47,30,60,17,28%,24.9589491,75.0410509,0,40 ,0.156733299
12,127.5100907,37.14023002,2022-8-27,2022-10-29,2376,2903,3516,3873,4066,4180,4296,5518,4478,0.09984639,0.150388387,77.44975082,0.257493728,-2238.556835,0.14976,2088.201805,-2275.244474,-0.124515998,38,46,0.826086957,54.30107527,45.69892473,0,1.54,-0.046699654,,48,30,60,17,28%,59.11823647,34.26853707,6.613226453,41 ,-0.286113764
12,127.5100907,37.14023002,2022-8-27,2022-6-11,2534,3175,3945,4392,4822,5062,5212,5951,4788,0.138364093,0.121868269,79.89769039,0.320662077,-2393.594625,0.207534808,2422.317394,-2964.189579,-0.066200842,38,46,0.826086957,54.30107527,45.69892473,0,1.54,-0.046699654,,49,30,60,19,32%,73.51190476,23.51190476,2.976190476,42 ,-0.059006083
13,127.5115348,37.13953628,2022-8-27,2022-6-1,3003,3748,4562,4921,5308,5437,5578,6408,5228,0.100197239,0.122193238,77.47239758,0.243563312,-2613.663476,0.150288447,2707.467698,-2956.723842,-0.069247455,16,37,0.432432432,37.32394366,62.67605634,0,0.90,-0.150485907,,50,30,60,17,28%,66.93548387,28.22580645,4.838709677,43 ,-0.038477214
13,127.5115348,37.13953628,2022-8-27,2022-9-24,2666,3373,4128,4477,4617,4777,4852,5969,4535,0.080623608,0.14640931,76.19866193,0.188032412,-2267.135373,0.120928679,2402.762692,-2438.360657,-0.10322521,16,37,0.432432432,37.32394366,62.67605634,0,0.90,-0.150485907,,51,30,60,20,33%,59.92509363,34.082397,5.992509363,44 ,0.238619379
13,127.5115348,37.13953628,2022-8-27,2022-10-19,2166,2706,3350,3554,3736,3818,3952,4798,3755,0.082443166,0.142296369,76.31796422,0.192751025,-1877.144619,0.123656282,1948.310949,-1997.297959,-0.096685714,16,37,0.432432432,37.32394366,62.67605634,0,0.90,-0.150485907,,52,30,60,19,32%,58.82352941,41.17647059,0,45 ,-0.159361836
13,127.5115348,37.13953628,2022-8-27,2022-10-24,2395,3089,3740,4200,4436,4489,4578,5566,4056,0.100745371,0.143313471,77.50776551,0.231325567,-2027.607607,0.151108974,2223.300974,-2429.732283,-0.097397476,16,37,0.432432432,37.32394366,62.67605634,0,0.90,-0.150485907,,53,30,60,15,25%,59.74842767,37.42138365,2.830188679,46 ,-0.096713492
13,127.5115348,37.13953628,2022-8-27,2022-10-29,2431,3041,3720,4092,4201,4386,4417,5690,4583,0.085658105,0.157583959,76.52830228,0.204867439,-2291.081341,0.128479263,2175.519606,-2253.869597,-0.12595231,16,37,0.432432432,37.32394366,62.67605634,0,0.90,-0.150485907,,54,30,60,20,33%,49.66216216,50.33783784,0,47 ,0.039691084
13,127.5115348,37.13953628,2022-8-27,2022-6-11,3095,3874,4741,5240,5721,5982,6013,6608,5421,0.11828157,0.109546854,78.63088259,0.282729495,-2710.171013,0.177414106,2860.480263,-3309.676546,-0.047143649,16,37,0.432432432,37.32394366,62.67605634,0,0.90,-0.150485907,,55,30,60,18,30%,61.98830409,38.01169591,0,48 ,-0.090099278
14,127.5135122,37.13302932,2022-8-27,2022-6-1,3091,3912,4900,5331,5557,5744,5903,6858,5025,0.09284458,0.133191981,76.99640123,0.206863837,-2512.166978,0.139260425,2870.523626,-3072.512926,-0.074837395,16,40,0.4,36.03411514,57.56929638,6.396588486,1.46,0.059796027,,56,26,52,10,19%,65.99190283,28.74493927,5.263157895,49 ,-0.114559867
14,127.5135122,37.13302932,2022-8-27,2022-9-24,2994,3855,4680,5113,5273,5380,5386,6996,4873,0.070137095,0.164339848,75.50742316,0.160279695,-2436.103323,0.105200417,2703.33993,-2610.6062,-0.130027459,16,40,0.4,36.03411514,57.56929638,6.396588486,1.46,0.059796027,,57,30,60,19,32%,60.76923077,33.84615385,5.384615385,50 ,0.235377373
14,127.5135122,37.13302932,2022-8-27,2022-10-19,2357,2975,3666,3891,4077,4144,4179,5415,3828,0.065391969,0.162963437,75.19255079,0.150908984,-1913.614843,0.098081703,2101.698308,-1988.022239,-0.128830519,16,40,0.4,36.03411514,57.56929638,6.396588486,1.46,0.059796027,,58,30,60,19,32%,63.87959866,31.43812709,4.682274247,51 ,-0.126052713
14,127.5135122,37.13302932,2022-8-27,2022-10-29,2737,3454,4236,4619,4733,4877,4872,6484,4811,0.069828722,0.169731027,75.48700034,0.162884803,-2405.080636,0.104737333,2440.632796,-2358.699437,-0.141951391,16,40,0.4,36.03411514,57.56929638,6.396588486,1.46,0.059796027,,59,30,60,18,30%,72.80966767,21.45015106,5.740181269,52 ,-0.154782977
14,127.5135122,37.13302932,2022-8-27,2022-6-11,3453,4308,5263,5663,5731,5951,6004,7660,5984,0.065767285,0.15487042,75.21750361,0.158529802,-2991.629062,0.09864655,3024.089376,-2860.684164,-0.121194379,16,40,0.4,36.03411514,57.56929638,6.396588486,1.46,0.059796027,,60,30,60,21,35%,68.45637584,26.84563758,4.697986577,53 ,0.112868861
15,127.5370585,37.11810618,2022-8-27,2022-6-1,2502,2993,3540,3895,4206,4352,4397,4942,3871,0.107975306,0.102919186,77.97277124,0.311727048,-1935.169457,0.161952756,2129.769367,-2371.406195,-0.058357426,22,44,0.5,17.11340206,82.88659794,0,0.81,-0.410279265,,61,30,60,30,50%,67.73049645,28.0141844,4.255319149,54 ,-0.086089221
17,127.5366973,37.11976759,2022-8-27,2022-6-1,4953,5427,5950,6381,6370,6356,6447,7988,7006,0.040090344,0.100165759,73.49083919,0.248475152,-3502.707583,0.060133091,3438.646988,-2671.27957,-0.106754416,12,36,0.333333333,42.55319149,45.53191489,11.91489362,1.01,0.097270915,,62,30,60,10,17%,75.19685039,16.92913386,7.874015748,55 ,0.064014662
17,127.5366973,37.11976759,2022-8-27,2022-9-24,4326,4730,5144,5574,5695,5585,5628,7213,6117,0.044931303,0.10770472,73.81946243,0.298913043,-3058.165156,0.067393827,2990.875383,-2410.674968,-0.123432754,12,36,0.333333333,42.55319149,45.53191489,11.91489362,1.01,0.097270915,,63,30,60,18,30%,66.07773852,28.26855124,5.653710247,56 ,0.001957251
17,127.5366973,37.11976759,2022-8-27,2022-10-19,4334,4721,5093,5348,5442,5354,5405,6886,6239,0.029719947,0.103140252,72.78186221,0.225498699,-3119.200668,0.044577797,2933.343087,-2047.762391,-0.120494671,12,36,0.333333333,42.55319149,45.53191489,11.91489362,1.01,0.097270915,,64,30,60,19,32%,70,26.08695652,3.913043478,57 ,0.00064691
17,127.5366973,37.11976759,2022-8-27,2022-10-24,4078,4755,5519,6053,6064,6245,6290,8106,6340,0.065289186,0.135747926,75.18571581,0.218537415,-3169.620285,0.097929633,3208.209712,-2991.086044,-0.126146152,12,36,0.333333333,42.55319149,45.53191489,11.91489362,1.01,0.097270915,,65,30,60,17,28%,67.0995671,26.83982684,6.060606061,58 ,0.02505174
17,127.5366973,37.11976759,2022-8-27,2022-10-29,4432,4769,5092,5425,5382,5442,5450,7181,6628,0.0339594,0.107921462,73.07252565,0.323923272,-3313.659606,0.050936685,2950.975827,-2149.615947,-0.137043781,12,36,0.333333333,42.55319149,45.53191489,11.91489362,1.01,0.097270915,,66,30,60,18,30%,55.66666667,44.33333333,0,59 ,-0.014276409
18,127.5361816,37.12031974,2022-8-27,2022-6-1,3697,4492,5349,5670,5822,6045,6153,7851,6262,0.069900887,0.145336226,75.49178014,0.191055558,-3130.620938,0.104846772,3102.85306,-2979.738284,-0.121251071,20,25,0.8,37.81094527,53.48258706,8.706467662,1.28,0.107423312,,67,30,60,16,27%,58.58208955,36.94029851,4.47761194,60 ,-0.141292699
18,127.5361816,37.12031974,2022-8-27,2022-9-24,2777,3442,4121,4477,4628,4790,4905,6638,4887,0.086860182,0.166856461,76.60680007,0.222613436,-2443.032156,0.130283055,2424.161482,-2511.601672,-0.150134281,20,25,0.8,37.81094527,53.48258706,8.706467662,1.28,0.107423312,,68,30,60,15,25%,77.51937984,17.82945736,4.651162791,61 ,0.015069935
18,127.5361816,37.12031974,2022-8-27,2022-10-19,2303,2913,3642,3877,4023,4090,4264,5673,4222,0.078674424,0.173026067,76.07065298,0.175815479,-2110.563976,0.118004174,2106.377327,-2129.492361,-0.141793298,20,25,0.8,37.81094527,53.48258706,8.706467662,1.28,0.107423312,,69,30,60,12,20%,70.67669173,29.32330827,0,62 ,0.246495371
18,127.5361816,37.12031974,2022-8-27,2022-10-24,2756,3601,4601,5018,5161,5460,5607,7732,5552,0.098550157,0.191824507,77.36602334,0.20049426,-2775.492298,0.147817995,2699.276673,-2960.479941,-0.159307294,20,25,0.8,37.81094527,53.48258706,8.706467662,1.28,0.107423312,,70,30,60,15,25%,70.11173184,29.88826816,0,63 ,-0.039043579
18,127.5361816,37.12031974,2022-8-27,2022-10-29,2717,3340,4063,4362,4409,4640,4724,6612,5032,0.075224764,0.178516229,75.84357348,0.189387428,-2515.52248,0.112830725,2356.545141,-2332.117471,-0.166549047,20,25,0.8,37.81094527,53.48258706,8.706467662,1.28,0.107423312,,71,30,60,17,28%,49.65753425,50.34246575,0,64 ,0.045405464
18,127.5361816,37.12031974,2022-8-27,2022-6-11,3538,4362,5037,5545,5865,6100,6174,7724,6065,0.10141825,0.13567392,77.55116053,0.28822754,-3032.078906,0.15212059,3027.956572,-3281.992647,-0.111526838,20,25,0.8,37.81094527,53.48258706,8.706467662,1.28,0.107423312,,72,30,60,19,32%,58.90804598,41.09195402,0,65 ,0.147885921
19,127.5360454,37.1194835,2022-8-27,2022-6-1,3646,4428,5303,5656,5849,6050,6151,7895,6339,0.074035272,0.147901718,75.76511542,0.199529412,-3169.107243,0.11104806,3083.356649,-3024.083423,-0.124163463,12,39,0.307692308,43.33333333,56.66666667,0,1.08,0.191770559,,73,30,60,16,27%,69.52595937,30.47404063,0,66 ,-0.168219444
19,127.5360454,37.1194835,2022-8-27,2022-9-24,2697,3343,3987,4322,4517,4640,4830,6400,4723,0.095610752,0.159651669,77.17582212,0.247199578,-2361.035425,0.143407995,2366.448769,-2531.846275,-0.139804096,12,39,0.307692308,43.33333333,56.66666667,0,1.08,0.191770559,,74,30,60,20,33%,60.61776062,39.38223938,0,67 ,-0.152255539
19,127.5360454,37.1194835,2022-8-27,2022-10-19,2370,2937,3748,3859,4044,4133,4248,5477,4092,0.062531266,0.164552168,75.00208435,0.139477795,-2045.62519,0.093791034,2127.047432,-1996.546373,-0.126375321,12,39,0.307692308,43.33333333,56.66666667,0,1.08,0.191770559,,75,30,60,15,25%,69.23076923,27.16346154,3.605769231,68 ,-0.09060327
19,127.5360454,37.1194835,2022-8-27,2022-10-24,2910,3800,4844,5273,5377,5659,5794,7734,5407,0.0893025,0.182031764,76.7660407,0.182215743,-2703.040504,0.133947455,2818.091789,-2987.254255,-0.143406268,12,39,0.307692308,43.33333333,56.66666667,0,1.08,0.191770559,,76,30,60,16,27%,63.66906475,31.29496403,5.035971223,69 ,0.055105452
19,127.5360454,37.1194835,2022-8-27,2022-10-29,2749,3403,4147,4518,4576,4741,4961,6689,5080,0.089371981,0.168553866,76.77056602,0.220560342,-2539.530866,0.134050612,2435.604853,-2558.238182,-0.14832618,12,39,0.307692308,43.33333333,56.66666667,0,1.08,0.191770559,,77,30,60,15,25%,62.24188791,33.03834808,4.719764012,70 ,-0.140020733
19,127.5360454,37.1194835,2022-8-27,2022-6-11,3202,4041,4737,5316,5708,5972,6126,7452,5749,0.127865231,0.132964633,79.23794739,0.329646858,-2874.054553,0.191789018,2911.599904,-3428.443346,-0.097657976,12,39,0.307692308,43.33333333,56.66666667,0,1.08,0.191770559,,78,30,60,20,33%,69.07514451,22.25433526,8.670520231,71 ,0.147739296
24,127.5249595,37.12756278,2022-8-27,2022-6-1,2914,3671,4644,5049,5236,5512,5569,6681,5453,0.090570841,0.143477383,76.84860708,0.199715001,-2726.140297,0.135849611,2709.176546,-2881.194286,-0.09077551,25,35,0.714285714,48.42105263,42.10526316,9.473684211,1.51,0.07287496,,79,30,60,18,30%,70.18348624,26.60550459,3.211009174,72 ,-0.042925534
24,127.5249595,37.12756278,2022-8-27,2022-9-24,2138,2720,3468,3915,4054,4251,4343,5779,4309,0.112021508,0.1758647,78.23180352,0.239936383,-2154.000216,0.168021507,2062.551629,-2361.84055,-0.141869196,25,35,0.714285714,48.42105263,42.10526316,9.473684211,1.51,0.07287496,,80,30,60,12,20%,59.12162162,40.87837838,0,73 ,-0.173329348
24,127.5249595,37.12756278,2022-8-27,2022-10-19,2191,2761,3528,3736,3873,4066,4067,5126,4116,0.070967742,0.160675966,75.56240745,0.153064122,-2057.630734,0.106444605,2016.884121,-1977.376943,-0.115196345,25,35,0.714285714,48.42105263,42.10526316,9.473684211,1.51,0.07287496,,81,30,60,11,18%,80.88235294,12.86764706,6.25,74 ,0.10856215
24,127.5249595,37.12756278,2022-8-27,2022-10-29,1982,2370,2943,3181,3302,3475,3551,4552,3521,0.093624885,0.15059871,77.04705604,0.239558708,-1760.070704,0.140426515,1728.446637,-1851.963004,-0.123534493,25,35,0.714285714,48.42105263,42.10526316,9.473684211,1.51,0.07287496,,82,30,60,16,27%,64.35643564,31.18811881,4.455445545,75 ,-0.039463199
25,127.5239128,37.12716028,2022-8-27,2022-6-1,2920,3651,4378,4967,5174,5305,5454,6348,4963,0.109438568,0.123141361,78.06654648,0.273847094,-2481.132703,0.164149504,2629.803563,-2950.538713,-0.075749873,18,28,0.642857143,35.45279383,53.56454721,10.98265896,1.26,0.072066665,,83,30,60,16,27%,74.20382166,25.79617834,0,76 ,0.063858787
25,127.5239128,37.12716028,2022-8-27,2022-10-19,2138,2702,3442,3829,4059,4156,4228,5081,3783,0.102477184,0.144872053,77.61940375,0.222134298,-1891.115439,0.153705756,2028.249163,-2252.928449,-0.091631754,18,28,0.642857143,35.45279383,53.56454721,10.98265896,1.26,0.072066665,,84,30,60,17,28%,79.26421405,20.73578595,0,77 ,-0.164495062
25,127.5239128,37.12716028,2022-8-27,2022-10-29,2360,2921,3681,4072,4226,4411,4505,5467,4197,0.100659663,0.142571661,77.50223628,0.231668916,-2098.109575,0.150980272,2169.921325,-2390.506571,-0.096470116,18,28,0.642857143,35.45279383,53.56454721,10.98265896,1.26,0.072066665,,85,30,60,18,30%,85.21126761,11.26760563,3.521126761,78 ,-0.004274082
25,127.5239128,37.12716028,2022-8-27,2022-6-11,2938,3646,4272,4982,5377,5668,5798,6458,5011,0.151539225,0.102435015,80.71797975,0.40602384,-2505.092582,0.227297552,2690.726957,-3355.733309,-0.053851175,18,28,0.642857143,35.45279383,53.56454721,10.98265896,1.26,0.072066665,,86,30,60,16,27%,70.75471698,24.05660377,5.188679245,79 ,-0.058603916
26,127.524152,37.12687745,2022-8-27,2022-6-1,3277,4081,4985,5096,5420,5929,5809,6733,5398,0.076338707,0.126514132,75.91697483,0.18487772,-2698.701681,0.114502756,2891.544512,-2878.738442,-0.073672461,20,30,0.666666667,37.5,46.09375,16.40625,1.61,-0.27800315,,87,30,60,17,28%,70.44534413,23.07692308,6.477732794,80 ,0.166672429
26,127.524152,37.12687745,2022-8-27,2022-9-24,2310,3018,3767,4105,4111,4354,4550,5223,3805,0.094144523,0.134384858,77.08077084,0.199175824,-1902.176121,0.141208296,2211.111159,-2376.208207,-0.068863195,20,30,0.666666667,37.5,46.09375,16.40625,1.61,-0.27800315,,88,30,60,21,35%,93.18996416,0,6.810035842,81 ,-0.164656391
26,127.524152,37.12687745,2022-8-27,2022-10-19,2160,2718,3463,3710,3796,3894,4027,4670,3390,0.075300401,0.135893855,75.84855968,0.163839182,-1694.703221,0.112943061,1988.763491,-1988.516806,-0.07393354,20,30,0.666666667,37.5,46.09375,16.40625,1.61,-0.27800315,,89,30,60,18,30%,100,0,0,82 ,-0.059312379
26,127.524152,37.12687745,2022-8-27,2022-10-29,2355,2889,3583,3930,4200,4268,4330,5255,4034,0.094401618,0.138697417,77.09744598,0.228678136,-2016.621677,0.141593479,2106.421663,-2262.792305,-0.096504956,20,30,0.666666667,37.5,46.09375,16.40625,1.61,-0.27800315,,90,30,60,21,35%,93.5828877,0,6.417112299,83 ,0.023715004
27,127.5243353,37.12714944,2022-8-27,2022-6-1,3001,3740,4703,5086,5182,5407,5439,6623,5336,0.072569513,0.146008297,75.66832316,0.165015022,-2667.660987,0.108848903,2701.61536,-2660.070617,-0.098159509,15,30,0.5,36.8627451,56.47058824,6.666666667,1.39,0.125509022,,91,30,60,18,30%,95.35864979,0,4.641350211,84 ,0.085647074
27,127.5243353,37.12714944,2022-8-27,2022-9-24,2109,2661,3318,3597,3910,4024,4191,5294,3930,0.116260487,0.155042918,78.50226031,0.263507395,-1964.541159,0.17437912,1990.380366,-2298.048157,-0.116288877,15,30,0.5,36.8627451,56.47058824,6.666666667,1.39,0.125509022,,92,30,60,22,37%,94.55252918,0,5.447470817,85 ,0.059684076
27,127.5243353,37.12714944,2022-8-27,2022-10-19,1885,2328,2903,3089,3191,3342,3434,4219,3166,0.083793593,0.144924041,76.40638672,0.197677016,-1582.630493,0.125680473,1687.843759,-1742.598784,-0.102574154,15,30,0.5,36.8627451,56.47058824,6.666666667,1.39,0.125509022,,93,30,60,27,45%,92.20779221,0,7.792207792,86 ,0.034924824
27,127.5243353,37.12714944,2022-8-27,2022-10-29,2215,2682,3286,3480,3603,3749,3869,4717,3697,0.081481481,0.136224888,76.25493305,0.209005521,-1848.142429,0.122213682,1913.695697,-1949.549288,-0.098765432,15,30,0.5,36.8627451,56.47058824,6.666666667,1.39,0.125509022,,,,,,,,,,87 ,-0.119196926
27,127.5243353,37.12714944,2022-8-27,2022-6-11,2928,3729,4598,5079,5512,5812,5971,6607,5296,0.129908222,0.114703542,79.36675766,0.295905172,-2647.641442,0.194853115,2802.774142,-3352.720661,-0.050564478,15,30,0.5,36.8627451,56.47058824,6.666666667,1.39,0.125509022,,,,,,,,,,88 ,-0.057413458
35,127.5239773,37.27107962,2022/10/15,2022-9-24,1800,2366,3271,3612,3875,4020,4019,4956,3791,0.10260631,0.171436708,77.62772121,0.184309087,-1895.090423,0.15389891,1898.822969,-2142.179138,-0.104401114,14,30,0.466666667,16.55629139,83.44370861,0,1.00 ,0.060714424,,,,,,,,,,89 ,0.096265679
35,127.5239773,37.27107962,2022/10/15,2022-10-19,1942,2532,3454,3905,4044,4174,4224,5113,4114,0.100286533,0.162967488,77.47816034,0.185381356,-2056.612745,0.150420004,2005.085645,-2239.42783,-0.095212595,14,30,0.466666667,16.55629139,83.44370861,0,1.00 ,0.060714424,,,,,,,,,,90 ,0.014888633
35,127.5239773,37.27107962,2022/10/15,2022-10-24,2476,3268,4343,4895,5111,5246,5378,6364,4870,0.106470528,0.153709391,77.87621766,0.201095827,-2434.622525,0.159697578,2548.732953,-2891.236751,-0.083972066,14,30,0.466666667,16.55629139,83.44370861,0,1.00 ,0.060714424,,,,,,,,,,91 ,0.114459515
35,127.5239773,37.27107962,2022/10/15,2022-10-29,2043,2663,3608,4053,4211,4301,4380,5496,4437,0.096644967,0.172666967,77.24279691,0.180264325,-2218.085283,0.144958378,2089.487789,-2301.861475,-0.113001215,14,30,0.466666667,16.55629139,83.44370861,0,1.00 ,0.060714424,,,,,,,,,,92 ,-0.239367937
36,127.5231857,37.27036738,2022/10/15,2022-9-24,2198,2880,3686,4071,4291,4384,4502,5477,4072,0.099658036,0.155266973,77.43759011,0.201302546,-2035.609123,0.149477926,2164.075374,-2383.294517,-0.097705181,15,30,0.5,63.67924528,32.54716981,3.773584906,0.86 ,-0.071454184,,,,,,,,,,93 ,0.170191394
36,127.5231857,37.27036738,2022/10/15,2022-10-19,2172,2819,3560,4041,4240,4389,4417,5187,4032,0.107433872,0.140714658,77.93804414,0.225811551,-2015.628029,0.161140708,2111.614706,-2379.461797,-0.080174927,15,30,0.5,63.67924528,32.54716981,3.773584906,0.86 ,-0.071454184,,,,,,,,,,,
36,127.5231857,37.27036738,2022/10/15,2022-10-24,2951,3809,4616,5203,5592,5746,5862,6636,4888,0.118915824,0.121554946,78.67120335,0.272611911,-2443.640985,0.178365224,2792.429866,-3230.31733,-0.061929909,15,30,0.5,63.67924528,32.54716981,3.773584906,0.86 ,-0.071454184,,,,,,,,,,,
36,127.5231857,37.27036738,2022/10/15,2022-10-29,2416,3162,3973,4553,4699,4791,4882,5886,4718,0.102653868,0.14926852,77.63078435,0.214366569,-2358.611968,0.153972108,2347.975416,-2602.49737,-0.093239227,15,30,0.5,63.67924528,32.54716981,3.773584906,0.86 ,-0.071454184,,,,,,,,,,,
37,127.5211756,37.26915175,2022/10/15,2022-9-24,2564,3347,4222,4645,4784,4945,4911,6236,4457,0.07544071,0.166341382,75.8578084,0.156391865,-2228.114877,0.113154869,2430.034613,-2426.24602,-0.118866063,25,30,0.833333333,66.06498195,30.32490975,3.610108303,0.85 ,0.048590798,,,,,,,,,,,
37,127.5211756,37.26915175,2022/10/15,2022-10-19,2735,3456,4111,4570,4686,4826,4922,5863,4605,0.089781911,0.131416255,76.79725977,0.223379056,-2302.148722,0.134665412,2428.313109,-2540.981063,-0.087250811,25,30,0.833333333,66.06498195,30.32490975,3.610108303,0.85 ,0.048590798,,,,,,,,,,,
37,127.5211756,37.26915175,2022/10/15,2022-10-29,2965,3716,4331,4813,4877,5020,5104,6288,5023,0.081928988,0.136451199,76.28427019,0.218275258,-2511.13145,0.122886969,2552.058711,-2575.48694,-0.103932584,25,30,0.833333333,66.06498195,30.32490975,3.610108303,0.85 ,0.048590798,,,,,,,,,,,
38,127.5203222,37.26949045,2022/10/15,2022-9-24,1955,2645,3688,4126,4233,4371,4417,5532,4065,0.089944479,0.182657773,76.80784327,0.153363908,-2032.100043,0.134908396,2111.009711,-2281.266493,-0.112071565,17,30,0.566666667,45.2173913,54.7826087,0,1.08 ,0.151140422,,,,,,,,,,,
38,127.5203222,37.26949045,2022/10/15,2022-10-19,2119,2829,3799,4260,4440,4565,4580,5555,4323,0.093209214,0.165389647,77.02007618,0.170041367,-2161.124586,0.139805478,2196.260509,-2386.110164,-0.096201283,17,30,0.566666667,45.2173913,54.7826087,0,1.08 ,0.151140422,,,,,,,,,,,
38,127.5203222,37.26949045,2022/10/15,2022-10-29,2265,2978,3906,4351,4542,4693,4673,5890,4666,0.089404359,0.170790008,76.77267479,0.172398292,-2332.594978,0.134098724,2259.84879,-2409.927964,-0.115213481,17,30,0.566666667,45.2173913,54.7826087,0,1.08 ,0.151140422,,,,,,,,,,,
39,127.5194183,37.27284545,2022/10/15,2022-9-24,2286,2980,3665,4194,4672,4897,4922,5611,4216,0.146384069,0.125454987,80.39801421,0.321713759,-2107.580468,0.219563319,2273.97618,-2830.158667,-0.065413462,17,30,0.566666667,67.67241379,32.32758621,0,0.88 ,0.039133731,,,,,,,,,,,
39,127.5194183,37.27284545,2022/10/15,2022-10-19,2335,3010,3657,4076,4410,4576,4657,5427,4258,0.120279047,0.130131874,78.75779627,0.275103164,-2128.610347,0.180407721,2214.131332,-2572.591369,-0.076358588,17,30,0.566666667,67.67241379,32.32758621,0,0.88 ,0.039133731,,,,,,,,,,,
39,127.5194183,37.27284545,2022/10/15,2022-10-29,2459,3120,3781,4336,4531,4706,4810,5708,4537,0.11977651,0.132474042,78.72588585,0.284112872,-2268.093888,0.179654309,2289.261429,-2654.712025,-0.085377448,17,30,0.566666667,67.67241379,32.32758621,0,0.88 ,0.039133731,,,,,,,,,,,
40,127.5188569,37.27338611,2022/10/15,2022-9-24,2848,3645,4430,4922,5066,5192,5266,6532,4584,0.086221122,0.149297547,76.56507834,0.199294364,-2291.616528,0.129325014,2595.758956,-2691.519956,-0.107306323,18,30,0.6,63.83763838,36.16236162,0,0.69 ,0.156733299,,,,,,,,,,,
40,127.5188569,37.27338611,2022/10/15,2022-10-19,2383,2999,3457,3988,4276,4430,4500,5067,3719,0.131079553,0.106510028,79.44051565,0.353775185,-1859.122287,0.196606975,2139.440477,-2531.377129,-0.059266228,18,30,0.6,63.83763838,36.16236162,0,0.69 ,0.156733299,,,,,,,,,,,
40,127.5188569,37.27338611,2022/10/15,2022-10-29,2524,3214,3587,4142,4464,4572,4634,5420,4072,0.127356769,0.114382926,79.20585643,0.362183479,-2035.593028,0.191023536,2227.86198,-2591.220269,-0.07817784,18,30,0.6,63.83763838,36.16236162,0,0.69 ,0.156733299,,,,,,,,,,,
41,127.5184789,37.27395303,2022/10/15,2022-9-24,2298,2987,3815,4252,4447,4627,4588,5702,4152,0.091990956,0.160397488,76.9409485,0.188647013,-2075.603488,0.137978223,2224.263623,-2382.65519,-0.108260447,19,30,0.633333333,55.03355705,44.96644295,0,0.61 ,-0.286113764,,,,,,,,,,,
41,127.5184789,37.27395303,2022/10/15,2022-10-19,2350,2989,3712,4172,4449,4486,4638,5377,4157,0.110898204,0.130683585,78.1599772,0.249300022,-2078.133663,0.166337345,2216.706992,-2516.580894,-0.073789316,19,30,0.633333333,55.03355705,44.96644295,0,0.61 ,-0.286113764,,,,,,,,,,,
41,127.5184789,37.27395303,2022/10/15,2022-10-29,2558,3227,3945,4429,4565,4721,4779,5801,4487,0.095598349,0.141017386,77.17501859,0.225040475,-2243.119165,0.143389306,2328.933829,-2505.032295,-0.096597353,19,30,0.633333333,55.03355705,44.96644295,0,0.61 ,-0.286113764,,,,,,,,,,,
42,127.5220381,37.26977395,2022/10/15,2022-9-24,2039,2760,3795,4265,4406,4561,4592,5783,4300,0.09502802,0.181812573,77.13805932,0.165071869,-2149.584925,0.142533532,2188.507584,-2403.546392,-0.114795181,18,30,0.6,66.66666667,32.3024055,1.030927835,1.04 ,-0.059006083,,,,,,,,,,,
42,127.5220381,37.26977395,2022/10/15,2022-10-19,2184,2933,3834,4296,4478,4640,4640,5546,4384,0.095114468,0.15773883,77.14366259,0.178872614,-2191.635007,0.142663284,2231.881244,-2429.203774,-0.088945612,18,30,0.6,66.66666667,32.3024055,1.030927835,1.04 ,-0.059006083,,,,,,,,,,,
42,127.5220381,37.26977395,2022/10/15,2022-10-29,2345,3166,3965,4487,4575,4840,4741,5903,4763,0.089133931,0.16409107,76.75506046,0.177257983,-2381.107255,0.133693218,2314.732094,-2443.177991,-0.109169485,18,30,0.6,66.66666667,32.3024055,1.030927835,1.04 ,-0.059006083,,,,,,,,,,,
43,127.5227096,37.26934572,2022/10/15,2022-9-24,1845,2399,3221,3573,3733,3856,3931,4863,3791,0.099272931,0.166522367,77.41272057,0.188418874,-1895.093816,0.148898986,1873.285972,-2079.085844,-0.105981351,21,30,0.7,36.5,61,2.5,1.04 ,-0.038477214,,,,,,,,,,,
43,127.5227096,37.26934572,2022/10/15,2022-10-19,1911,2462,3204,3574,3717,3868,3937,4895,3996,0.102646688,0.161396716,77.63032192,0.207542896,-1997.582469,0.153959252,1880.514971,-2098.660118,-0.108469203,21,30,0.7,36.5,61,2.5,1.04 ,-0.038477214,,,,,,,,,,,
43,127.5227096,37.26934572,2022/10/15,2022-10-29,2014,2612,3369,3753,3875,3952,4083,5140,4187,0.095813205,0.165137615,77.18893732,0.194169477,-2093.083784,0.143710164,1967.615421,-2141.328143,-0.114604792,21,30,0.7,36.5,61,2.5,1.04 ,-0.038477214,,,,,,,,,,,
44,127.523696,37.26914646,2022/10/15,2022-9-24,1724,2244,3124,3467,3652,3805,3902,4574,3662,0.110731568,0.155508856,78.1493166,0.20016466,-1830.623328,0.166085533,1826.366034,-2116.474054,-0.079282681,19,30,0.633333333,32.69230769,67.30769231,0,0.96 ,0.238619379,,,,,,,,,,,
44,127.523696,37.26914646,2022/10/15,2022-10-19,1843,2415,3332,3744,3952,4024,4039,4795,4003,0.095916429,0.160254122,77.19562353,0.173123072,-2001.14001,0.143864885,1922.03509,-2118.796759,-0.085578447,19,30,0.633333333,32.69230769,67.30769231,0,0.96 ,0.238619379,,,,,,,,,,,
44,127.523696,37.26914646,2022/10/15,2022-10-29,1999,2580,3514,3910,4058,4246,4192,5145,4249,0.08798339,0.166195286,76.68007496,0.164811124,-2124.123326,0.131966522,2015.976741,-2153.325611,-0.102067045,19,30,0.633333333,32.69230769,67.30769231,0,0.96 ,0.238619379,,,,,,,,,,,
45,127.5234968,37.26880228,2022/10/15,2022-9-24,1692,2253,3207,3566,3731,3936,3949,4819,3610,0.103689212,0.174507939,77.69743959,0.176633022,-1804.598356,0.155522951,1854.587675,-2110.011646,-0.099224453,20,30,0.666666667,38.02816901,61.97183099,0,1.01 ,-0.159361836,,,,,,,,,,,
45,127.5234968,37.26880228,2022/10/15,2022-10-19,1836,2390,3336,3700,3822,3996,4010,4918,3864,0.091750613,0.170780142,76.92532825,0.164278054,-1931.616717,0.137616552,1912.563608,-2081.133959,-0.101702509,20,30,0.666666667,38.02816901,61.97183099,0,1.01 ,-0.159361836,,,,,,,,,,,
45,127.5234968,37.26880228,2022/10/15,2022-10-29,1890,2458,3382,3722,3867,3988,3968,4946,3983,0.079727891,0.174115325,76.13986414,0.145250843,-1991.124445,0.119583702,1921.362711,-1988.404864,-0.109715055,20,30,0.666666667,38.02816901,61.97183099,0,1.01 ,-0.159361836,,,,,,,,,,,
46,127.5196223,37.26865667,2022/10/15,2022-9-24,2144,2890,3820,4214,4427,4577,4599,5658,4278,0.092528804,0.168608594,76.97589258,0.170236014,-2138.612195,0.138784963,2213.476426,-2391.755833,-0.103246563,20,30,0.666666667,61.15485564,23.88451444,14.96062992,0.91 ,-0.096713492,,,,,,,,,,,
46,127.5196223,37.26865667,2022/10/15,2022-10-19,2521,3362,4235,4658,4825,4949,5021,6073,4870,0.084917891,0.154957983,76.47992489,0.170506313,-2434.643418,0.127369956,2459.645638,-2556.551468,-0.094826032,20,30,0.666666667,61.15485564,23.88451444,14.96062992,0.91 ,-0.096713492,,,,,,,,,,,
46,127.5196223,37.26865667,2022/10/15,2022-10-29,2552,3410,4276,4747,4862,4993,5041,6168,5022,0.082107975,0.15806398,76.29600086,0.165469804,-2510.637721,0.123155353,2479.335865,-2545.099412,-0.100544206,20,30,0.666666667,61.15485564,23.88451444,14.96062992,0.91 ,-0.096713492,,,,,,,,,,,
47,127.5196544,37.2691177,2022/10/15,2022-9-24,2006,2655,3614,4049,4214,4350,4447,5464,4075,0.103337055,0.169016805,77.67477422,0.187832597,-2037.092466,0.154995968,2105.174313,-2374.251371,-0.102613258,17,30,0.566666667,24.9589491,75.0410509,0,0.92 ,0.039691084,,,,,,,,,,,
47,127.5196544,37.2691177,2022/10/15,2022-10-19,2099,2772,3713,4147,4294,4474,4507,5530,4475,0.096593674,0.166382737,77.23947656,0.179743741,-2237.10688,0.144881698,2154.6694,-2368.310694,-0.101922885,17,30,0.566666667,24.9589491,75.0410509,0,0.92 ,0.039691084,,,,,,,,,,,
47,127.5196544,37.2691177,2022/10/15,2022-10-29,2180,2861,3759,4194,4337,4464,4546,5707,4643,0.094762191,0.169219368,77.12082672,0.183006232,-2321.088465,0.14213473,2185.343045,-2377.863825,-0.113235151,17,30,0.566666667,24.9589491,75.0410509,0,0.92 ,0.039691084,,,,,,,,,,,
48,127.5202443,37.26804501,2022/10/15,2022-9-24,2085,2734,3546,3870,3951,4104,4265,4953,3925,0.092049674,0.14472355,76.94476418,0.181483164,-1962.168941,0.138065672,2061.258973,-2215.243079,-0.074636581,17,30,0.566666667,59.11823647,34.26853707,6.613226453,1.03 ,-0.090099278,,,,,,,,,,,
48,127.5202443,37.26804501,2022/10/15,2022-10-19,2307,2961,3747,4160,4367,4510,4475,5456,4611,0.088542934,0.151454489,76.7165519,0.188493605,-2305.12864,0.132806324,2181.568116,-2302.3114,-0.098781593,17,30,0.566666667,59.11823647,34.26853707,6.613226453,1.03 ,-0.090099278,,,,,,,,,,,
48,127.5202443,37.26804501,2022/10/15,2022-10-29,2357,2979,3717,4239,4416,4399,4655,5564,4732,0.112040134,0.13926226,78.23299392,0.252680351,-2365.602025,0.168050164,2220.098972,-2531.625198,-0.088951952,17,30,0.566666667,59.11823647,34.26853707,6.613226453,1.03 ,-0.090099278,,,,,,,,,,,
49,127.5189234,37.27063588,2022/10/15,2022-9-24,2149,2823,3613,4002,4162,4280,4381,5547,4388,0.096072054,0.16762269,77.20570277,0.193110385,-2193.577775,0.144099068,2113.87635,-2299.11523,-0.117445608,19,30,0.633333333,73.51190476,23.51190476,2.976190476,0.99 ,-0.114559867,,,,,,,,,,,
49,127.5189234,37.27063588,2022/10/15,2022-10-19,2546,3333,4100,4522,4676,4846,4902,6069,5062,0.089091313,0.154453085,76.7522842,0.192640277,-2530.612783,0.133629547,2402.510099,-2525.855672,-0.106371343,19,30,0.633333333,73.51190476,23.51190476,2.976190476,0.99 ,-0.114559867,,,,,,,,,,,
49,127.5189234,37.27063588,2022/10/15,2022-10-29,2612,3380,4097,4584,4802,4969,4897,6312,5304,0.088948188,0.161848421,76.74295979,0.202224469,-2651.574448,0.133414865,2408.097866,-2522.280291,-0.126237845,19,30,0.633333333,73.51190476,23.51190476,2.976190476,0.99 ,-0.114559867,,,,,,,,,,,
50,127.5194,37.27098335,2022/10/15,2022-9-24,2354,3012,3811,4194,4405,4501,4664,5899,4632,0.100648968,0.160927786,77.50154628,0.215927501,-2315.569972,0.150964545,2244.71629,-2474.823224,-0.116917542,17,30,0.566666667,66.93548387,28.22580645,4.838709677,0.92 ,0.235377373,,,,,,,,,,,
50,127.5194,37.27098335,2022/10/15,2022-10-19,2310,2954,3560,4265,4421,4668,4739,5816,4661,0.142065309,0.141674277,80.12897785,0.335897436,-2330.018823,0.213085126,2207.508324,-2709.211023,-0.102036949,17,30,0.566666667,66.93548387,28.22580645,4.838709677,0.92 ,0.235377373,,,,,,,,,,,
50,127.5194,37.27098335,2022/10/15,2022-10-29,2554,3247,3780,4461,4656,4857,4852,6156,5033,0.124189064,0.145888594,79.00563676,0.319885414,-2516.021787,0.186272806,2318.364198,-2698.759328,-0.118459302,17,30,0.566666667,66.93548387,28.22580645,4.838709677,0.92 ,0.235377373,,,,,,,,,,,
51,127.5200543,37.27125799,2022/10/15,2022-9-24,2653,3464,4276,4698,4912,5099,5133,6335,4999,0.091083006,0.153557645,76.88192282,0.196694974,-2499.111949,0.136617249,2508.455944,-2659.271842,-0.104813394,20,30,0.666666667,59.92509363,34.082397,5.992509363,0.99 ,-0.126052713,,,,,,,,,,,
51,127.5200543,37.27125799,2022/10/15,2022-10-19,2513,3233,3779,4405,4697,4805,4953,5621,4683,0.134448007,0.114668564,79.65224462,0.334263425,-2341.108127,0.201660464,2339.642399,-2800.697,-0.063173823,20,30,0.666666667,59.92509363,34.082397,5.992509363,0.99 ,-0.126052713,,,,,,,,,,,
51,127.5200543,37.27125799,2022/10/15,2022-10-29,2583,3270,3787,4412,4609,4757,4843,5698,4725,0.122363847,0.121755071,78.89004038,0.322206627,-2362.09709,0.183535137,2321.132817,-2685.259936,-0.081111849,20,30,0.666666667,59.92509363,34.082397,5.992509363,0.99 ,-0.126052713,,,,,,,,,,,
52,127.520545,37.27174667,2022/10/15,2022-9-24,2382,3189,4043,4564,5022,5082,5126,5951,4721,0.118115389,0.14204091,78.62031473,0.235026042,-2360.118209,0.177163422,2421.924074,-2820.554241,-0.074478649,19,30,0.633333333,58.82352941,41.17647059,0,1.02 ,-0.154782977,,,,,,,,,,,
52,127.520545,37.27174667,2022/10/15,2022-10-19,2246,2962,3647,4221,4485,4638,4729,5510,4469,0.129178606,0.135259112,79.32077947,0.276953005,-2234.093143,0.193756342,2222.048454,-2652.188655,-0.07627698,19,30,0.633333333,58.82352941,41.17647059,0,1.02 ,-0.154782977,,,,,,,,,,,
52,127.520545,37.27174667,2022/10/15,2022-10-29,2370,3105,3785,4344,4578,4736,4846,5742,4676,0.122928977,0.138027833,78.92584982,0.271161317,-2337.589211,0.184382784,2296.155386,-2689.572819,-0.084624103,19,30,0.633333333,58.82352941,41.17647059,0,1.02 ,-0.154782977,,,,,,,,,,,
53,127.5210503,37.27205591,2022/10/15,2022-9-24,2231,2966,3740,4176,4505,4639,4683,5583,4324,0.11195536,0.148364846,78.22757572,0.226868113,-2161.604676,0.167923072,2228.981955,-2546.422357,-0.08766803,15,30,0.5,59.74842767,37.42138365,2.830188679,1.06 ,0.112868861,,,,,,,,,,,
53,127.5210503,37.27205591,2022/10/15,2022-10-19,2158,2829,3464,3898,4181,4463,4503,5246,4061,0.130412953,0.133302973,79.39854869,0.28534549,-2030.090862,0.195607154,2115.538965,-2530.404757,-0.076212945,15,30,0.5,59.74842767,37.42138365,2.830188679,1.06 ,0.112868861,,,,,,,,,,,
53,127.5210503,37.27205591,2022/10/15,2022-10-29,2317,2927,3484,4092,4378,4504,4688,5493,4357,0.147332354,0.123388812,80.45696703,0.366380622,-2178.052462,0.220985011,2177.739118,-2698.914882,-0.079068854,15,30,0.5,59.74842767,37.42138365,2.830188679,1.06 ,0.112868861,,,,,,,,,,,
54,127.5190066,37.27426701,2022/10/15,2022-9-24,2784,3608,4407,4811,4938,5086,5126,6132,4376,0.075422218,0.142500949,75.85658953,0.168163533,-2187.672676,0.113127393,2554.194568,-2532.312673,-0.089358678,20,30,0.666666667,49.66216216,50.33783784,0,0.75 ,-0.086089221,,,,,,,,,,,
54,127.5190066,37.27426701,2022/10/15,2022-10-29,2455,3065,3395,4136,4483,4662,4806,5498,4180,0.172052189,0.101027609,81.97878925,0.521472393,-2089.527097,0.25806255,2211.532551,-2844.510488,-0.067158385,20,30,0.666666667,49.66216216,50.33783784,0,0.75 ,-0.086089221,,,,,,,,,,,
55,127.5194053,37.27352122,2022/10/15,2022-9-24,3091,3953,4740,5135,5273,5448,5378,6582,4660,0.06305594,0.144156435,75.03705351,0.149955342,-2329.674645,0.094579236,2728.790799,-2533.432836,-0.100668896,18,30,0.6,61.98830409,38.01169591,0,0.83 ,0.064014662,,,,,,,,,,,
55,127.5194053,37.27352122,2022/10/15,2022-10-19,2498,3129,3666,4181,4383,4448,4592,5126,3772,0.112133689,0.107165344,78.23897293,0.294754265,-1885.667918,0.168190349,2219.025337,-2497.826574,-0.054949578,18,30,0.6,61.98830409,38.01169591,0,0.83 ,0.064014662,,,,,,,,,,,
55,127.5194053,37.27352122,2022/10/15,2022-10-29,2615,3248,3777,4318,4451,4579,4605,5534,4158,0.098783107,0.126489626,77.38107693,0.270393834,-2078.622637,0.148165822,2261.298988,-2432.749091,-0.091626393,18,30,0.6,61.98830409,38.01169591,0,0.83 ,0.064014662,,,,,,,,,,,
57,127.5206332,37.272799,2022/10/15,2022-9-24,2673,3423,3979,4600,5252,5434,5472,6054,4565,0.157972701,0.103861811,81.11551648,0.401365665,-2282.086406,0.236946516,2527.452692,-3191.221077,-0.050494534,19,30,0.633333333,60.76923077,33.84615385,5.384615385,0.79 ,0.00064691,,,,,,,,,,,
58,127.4971552,37.20933846,2022/10/15,2022-9-24,2502,3170,3918,4322,4516,4725,4858,5880,4497,0.107110301,0.142091153,77.91728312,0.244740679,-2248.099551,0.160656298,2333.328286,-2615.248602,-0.09517601,19,30,0.633333333,63.87959866,31.43812709,4.682274247,0.70 ,0.02505174,,,,,,,,,,,
59,127.4966019,37.20942849,2022/10/15,2022-9-24,2344,2926,3609,3985,4115,4288,4501,5737,4467,0.10998767,0.154468532,78.10170738,0.260027985,-2233.044667,0.164971333,2156.266269,-2437.699297,-0.120726704,18,30,0.6,72.80966767,21.45015106,5.740181269,1.70 ,-0.014276409,,,,,,,,,,,
60,127.4966078,37.21005697,2022/10/15,2022-9-24,2940,3730,4531,4891,4822,4964,5239,6299,4832,0.072466735,0.139460256,75.6615315,0.170585968,-2415.67353,0.10869454,2622.339541,-2561.29707,-0.091870341,21,30,0.7,68.45637584,26.84563758,4.697986577,0.70 ,-0.141292699,,,,,,,,,,,
60,127.4966078,37.21005697,2022/10/15,2022-10-19,2101,2610,3281,3505,3583,3824,3804,5031,3963,0.073817925,0.169304354,75.75077064,0.169069632,-1981.078973,0.110719074,1887.016369,-1868.696105,-0.138879457,21,30,0.7,68.45637584,26.84563758,4.697986577,0.70 ,-0.141292699,,,,,,,,,,,
60,127.4966078,37.21005697,2022/10/15,2022-10-24,2573,3269,4087,4477,4523,4610,4904,6276,4751,0.090868646,0.1617713,76.86798075,0.201638778,-2375.077576,0.13629539,2390.702965,-2539.161319,-0.122719141,21,30,0.7,68.45637584,26.84563758,4.697986577,0.70 ,-0.141292699,,,,,,,,,,,
60,127.4966078,37.21005697,2022/10/15,2022-10-29,2364,2950,3621,3983,4178,4209,4341,5792,4713,0.09042954,0.168010919,76.83941308,0.215879108,-2356.038772,0.135635793,2125.46523,-2244.968669,-0.1431955,21,30,0.7,68.45637584,26.84563758,4.697986577,0.70 ,-0.141292699,,,,,,,,,,,
61,127.4963338,37.21014277,2022/10/15,2022-9-24,2352,3091,3921,4335,4515,4657,4744,6013,4694,0.094979804,0.166647093,77.13493397,0.193537767,-2346.578863,0.142461485,2295.74626,-2482.810238,-0.117969694,30,30,1,67.73049645,28.0141844,4.255319149,0.93 ,0.015069935,,,,,,,,,,,
61,127.4963338,37.21014277,2022/10/15,2022-10-19,2043,2549,3198,3438,3524,3627,3877,4996,3935,0.095971731,0.161116622,77.1992054,0.219216117,-1967.061196,0.143947424,1878.407541,-2034.086436,-0.126112927,30,30,1,67.73049645,28.0141844,4.255319149,0.93 ,0.015069935,,,,,,,,,,,
61,127.4963338,37.21014277,2022/10/15,2022-10-24,2453,3169,3971,4362,4451,4639,4691,6083,4765,0.083121681,0.169205722,76.36240442,0.177856825,-2382.07991,0.124675325,2304.991757,-2375.724877,-0.129199926,30,30,1,67.73049645,28.0141844,4.255319149,0.93 ,0.015069935,,,,,,,,,,,
61,127.4963338,37.21014277,2022/10/15,2022-10-29,2592,3235,3975,4310,4354,4474,4691,6123,4980,0.08262174,0.16195846,76.32966266,0.196660075,-2489.574611,0.12392546,2315.919088,-2372.113359,-0.132420936,30,30,1,67.73049645,28.0141844,4.255319149,0.93 ,0.015069935,,,,,,,,,,,
62,127.4963364,37.21040069,2022/10/15,2022-9-24,2768,3593,4447,4842,4942,5086,5135,6412,4989,0.071801294,0.1575525,75.61754387,0.155543498,-2494.138122,0.107696321,2561.546473,-2504.37551,-0.110591496,10,30,0.333333333,75.19685039,16.92913386,7.874015748,0.72 ,0.246495371,,,,,,,,,,,
62,127.4963364,37.21040069,2022/10/15,2022-10-19,2378,2924,3646,3838,3938,4075,4204,5421,4180,0.071082803,0.158796089,75.57002068,0.169172932,-2089.608513,0.106617413,2095.410541,-2044.865807,-0.126441558,10,30,0.333333333,75.19685039,16.92913386,7.874015748,0.72 ,0.246495371,,,,,,,,,,,
62,127.4963364,37.21040069,2022/10/15,2022-10-24,2869,3693,4539,4877,5025,5118,5077,6563,5096,0.055948419,0.165686686,74.56194869,0.124600491,-2547.635414,0.083918265,2582.348178,-2314.291056,-0.12766323,10,30,0.333333333,75.19685039,16.92913386,7.874015748,0.72 ,0.246495371,,,,,,,,,,,
62,127.4963364,37.21040069,2022/10/15,2022-10-29,2829,3512,4254,4695,4781,4854,4906,6400,5262,0.071179039,0.158736201,75.5763878,0.176914311,-2630.597184,0.106762731,2460.792465,-2387.207521,-0.132142225,10,30,0.333333333,75.19685039,16.92913386,7.874015748,0.72 ,0.246495371,,,,,,,,,,,
63,127.4973999,37.2087994,2022/10/15,2022-9-24,2613,3391,4282,4700,4799,4918,5092,6544,4746,0.086409217,0.168420485,76.57736069,0.181005587,-2372.582156,0.129606912,2489.151328,-2603.99141,-0.12478515,18,30,0.6,66.07773852,28.26855124,5.653710247,0.72 ,-0.039043579,,,,,,,,,,,
63,127.4973999,37.2087994,2022/10/15,2022-10-19,2268,2824,3523,3775,3875,3957,4041,5411,4127,0.068482285,0.172210195,75.39776419,0.158506732,-2063.077392,0.102716637,2019.796084,-1946.268053,-0.144942869,18,30,0.6,66.07773852,28.26855124,5.653710247,0.72 ,-0.039043579,,,,,,,,,,,
63,127.4973999,37.2087994,2022/10/15,2022-10-24,2465,3177,3984,4275,4492,4646,4681,6310,4481,0.080438546,0.180504587,76.18651757,0.172550379,-2240.04813,0.120650857,2306.448593,-2351.043016,-0.148212174,18,30,0.6,66.07773852,28.26855124,5.653710247,0.72 ,-0.039043579,,,,,,,,,,,
63,127.4973999,37.2087994,2022/10/15,2022-10-29,2364,2931,3622,3931,4062,4198,4250,5762,4394,0.079776423,0.173146643,76.14305108,0.190233854,-2196.543953,0.119657034,2102.172025,-2130.062596,-0.151018777,18,30,0.6,66.07773852,28.26855124,5.653710247,0.72 ,-0.039043579,,,,,,,,,,,
64,127.4966225,37.20879786,2022/10/15,2022-9-24,2913,3778,4562,4853,5096,5226,5279,6726,4944,0.072858449,0.158932238,75.68741305,0.165903096,-2471.616618,0.109282122,2644.763569,-2584.50254,-0.120533111,19,30,0.633333333,70,26.08695652,3.913043478,0.47 ,0.045405464,,,,,,,,,,,
64,127.4966225,37.20879786,2022/10/15,2022-10-19,2506,3138,3836,4152,4190,4308,4402,5752,4294,0.068705997,0.162463628,75.41259819,0.164076994,-2146.600375,0.10305274,2209.563657,-2121.992995,-0.132952531,19,30,0.633333333,70,26.08695652,3.913043478,0.47 ,0.045405464,,,,,,,,,,,
64,127.4966225,37.20879786,2022/10/15,2022-10-24,2741,3546,4353,4668,4844,4917,5031,6662,4790,0.072250639,0.172619364,75.64724974,0.160018881,-2394.580792,0.108370185,2512.937325,-2457.674137,-0.139485162,19,30,0.633333333,70,26.08695652,3.913043478,0.47 ,0.045405464,,,,,,,,,,,
64,127.4966225,37.20879786,2022/10/15,2022-10-29,2601,3196,3876,4278,4321,4522,4468,6036,4524,0.070949185,0.167422413,75.56117952,0.180103438,-2261.564209,0.106417401,2241.051737,-2172.211921,-0.149276466,19,30,0.633333333,70,26.08695652,3.913043478,0.47 ,0.045405464,,,,,,,,,,,
65,127.4969555,37.20814686,2022/10/15,2022-6-1,3371,4238,5243,5743,5825,5981,6113,7384,5442,0.076611483,0.142146443,75.93493813,0.176980349,-2720.660912,0.114912165,3033.488311,-3032.193332,-0.094169075,17,30,0.566666667,67.0995671,26.83982684,6.060606061,0.47 ,0.147885921,,,,,,,,,,,
65,127.4969555,37.20814686,2022/10/15,2022-9-24,3294,4161,5064,5469,5659,5732,5676,7232,5235,0.05698324,0.156399887,74.6313098,0.134730539,-2617.147394,0.085470881,2890.117126,-2600.562199,-0.120545398,17,30,0.566666667,67.0995671,26.83982684,6.060606061,0.47 ,0.147885921,,,,,,,,,,,
65,127.4969555,37.20814686,2022/10/15,2022-10-19,2393,3026,3795,4057,4182,4298,4387,5725,4106,0.072353948,0.16809816,75.65407773,0.160686173,-2052.59458,0.10852429,2180.837505,-2143.855728,-0.132318038,17,30,0.566666667,67.0995671,26.83982684,6.060606061,0.47 ,0.147885921,,,,,,,,,,,
65,127.4969555,37.20814686,2022/10/15,2022-10-24,2970,3897,4840,5202,5296,5521,5505,7269,4959,0.064282262,0.176544889,75.1187235,0.135482031,-2479.098844,0.096418733,2767.21348,-2606.822917,-0.138093001,17,30,0.566666667,67.0995671,26.83982684,6.060606061,0.47 ,0.147885921,,,,,,,,,,,
65,127.4969555,37.20814686,2022/10/15,2022-10-29,1760,1946,2129,2417,2404,2478,2636,3503,2646,0.106400839,0.123254886,77.87174324,0.573270014,-1322.51216,0.159584514,1302.478535,-1416.799287,-0.141228213,17,30,0.566666667,67.0995671,26.83982684,6.060606061,0.47 ,0.147885921,,,,,,,,,,,
65,127.4969555,37.20814686,2022/10/15,2022-6-11,3350,4223,5194,5615,5705,5851,5878,7557,5580,0.061777457,0.160289367,74.95181496,0.14348045,-2789.629391,0.092662,2969.516403,-2753.603058,-0.124972088,17,30,0.566666667,67.0995671,26.83982684,6.060606061,0.47 ,0.147885921,,,,,,,,,,,
66,127.497328,37.20793023,2022/10/15,2022-6-1,3164,4006,5006,5500,5619,5845,5988,7115,5247,0.089321448,0.139566587,76.7672748,0.199674664,-2623.152038,0.133976079,2924.308389,-3087.444223,-0.086010837,18,30,0.6,55.66666667,44.33333333,0,0.45 ,-0.168219444,,,,,,,,,,,
66,127.497328,37.20793023,2022/10/15,2022-9-24,3236,4146,5039,5465,5606,5713,5780,7103,5216,0.068490618,0.147745534,75.39831685,0.157726692,-2607.660051,0.10273118,2905.726855,-2783.992557,-0.102693472,18,30,0.6,55.66666667,44.33333333,0,0.45 ,-0.168219444,,,,,,,,,,,
66,127.497328,37.20793023,2022/10/15,2022-10-19,2313,2935,3669,3921,4079,4171,4152,5469,3979,0.061756809,0.171313209,74.95043753,0.136912523,-1989.106084,0.092629291,2090.052897,-1944.813382,-0.136888057,18,30,0.6,55.66666667,44.33333333,0,0.45 ,-0.168219444,,,,,,,,,,,
66,127.497328,37.20793023,2022/10/15,2022-10-24,2846,3746,4677,5128,5349,5398,5472,7037,4906,0.078332841,0.169528754,76.04819792,0.163043478,-2452.597098,0.117493473,2704.926144,-2729.790009,-0.125109921,18,30,0.6,55.66666667,44.33333333,0,0.45 ,-0.168219444,,,,,,,,,,,
66,127.497328,37.20793023,2022/10/15,2022-6-11,3155,3996,4943,5446,5451,5690,5651,7312,5557,0.066830281,0.163762404,75.28813195,0.151963941,-2778.113414,0.100240691,2835.000803,-2704.0856,-0.12813392,18,30,0.6,55.66666667,44.33333333,0,0.45 ,-0.168219444,,,,,,,,,,,
67,127.4978908,37.20771431,2022/10/15,2022-6-1,3360,4175,5160,5595,5772,5911,5968,7213,5416,0.072609633,0.140316114,75.67097418,0.172222696,-2707.668175,0.108909557,2975.329095,-2919.231709,-0.094454139,16,30,0.533333333,58.58208955,36.94029851,4.47761194,0.37 ,-0.152255539,,,,,,,,,,,
67,127.4978908,37.20771431,2022/10/15,2022-9-24,3253,4094,4980,5431,5554,5726,5688,7068,5195,0.066366704,0.14802992,75.25733879,0.158438885,-2597.153415,0.099545391,2865.786299,-2716.720692,-0.108184384,16,30,0.533333333,58.58208955,36.94029851,4.47761194,0.37 ,-0.152255539,,,,,,,,,,,
67,127.4978908,37.20771431,2022/10/15,2022-10-19,2284,2884,3579,3857,3956,4068,4130,5279,3836,0.071474899,0.16003143,75.59595885,0.162536873,-1917.61621,0.107205396,2059.762581,-2011.780815,-0.122117122,16,30,0.533333333,58.58208955,36.94029851,4.47761194,0.37 ,-0.152255539,,,,,,,,,,,
67,127.4978908,37.20771431,2022/10/15,2022-10-24,2791,3629,4486,4973,5050,5227,5344,6898,4848,0.087283825,0.166453199,76.63444559,0.189345456,-2423.576285,0.130919078,2621.538416,-2739.715047,-0.126940042,16,30,0.533333333,58.58208955,36.94029851,4.47761194,0.37 ,-0.152255539,,,,,,,,,,,
67,127.4978908,37.20771431,2022/10/15,2022-10-29,1802,1993,2215,2449,2475,2609,2671,3464,2599,0.093327876,0.118794326,77.02777912,0.465876584,-1299.060211,0.139977489,1333.85469,-1391.891713,-0.129258354,16,30,0.533333333,58.58208955,36.94029851,4.47761194,0.37 ,-0.152255539,,,,,,,,,,,
67,127.4978908,37.20771431,2022/10/15,2022-6-11,3431,4227,5191,5630,5687,5844,5865,7541,5686,0.060962373,0.155983294,74.89742141,0.149386054,-2842.63088,0.091439425,2966.70852,-2737.569101,-0.125018648,16,30,0.533333333,58.58208955,36.94029851,4.47761194,0.37 ,-0.152255539,,,,,,,,,,,
68,127.4966595,37.21056977,2022/10/15,2022-9-24,2868,3742,4627,5053,5180,5257,5411,6799,5032,0.078103208,0.159705658,76.03309857,0.168038409,-2515.619848,0.117148976,2681.015852,-2697.323742,-0.113677314,15,30,0.5,77.51937984,17.82945736,4.651162791,0.95 ,-0.09060327,,,,,,,,,,,
68,127.4966595,37.21056977,2022/10/15,2022-10-19,2342,2929,3710,3911,4105,4148,4288,5521,4193,0.072268067,0.163987138,75.64840164,0.160841496,-2096.107669,0.108395324,2127.337538,-2094.818896,-0.125700887,15,30,0.5,77.51937984,17.82945736,4.651162791,0.95 ,-0.09060327,,,,,,,,,,,
68,127.4966595,37.21056977,2022/10/15,2022-10-24,2760,3567,4426,4804,5004,5068,5134,6858,5020,0.074058577,0.176765043,75.76665344,0.161040852,-2509.568985,0.111082056,2553.231525,-2524.260273,-0.143762508,15,30,0.5,77.51937984,17.82945736,4.651162791,0.95 ,-0.09060327,,,,,,,,,,,
68,127.4966595,37.21056977,2022/10/15,2022-10-29,2604,3275,4022,4376,4412,4566,4655,6273,4805,0.072951481,0.172952034,75.69355857,0.170933247,-2402.062743,0.109420916,2323.099797,-2279.742643,-0.148060029,15,30,0.5,77.51937984,17.82945736,4.651162791,0.95 ,-0.09060327,,,,,,,,,,,
69,127.4965835,37.21102923,2022/10/15,2022-9-24,2920,3806,4738,5170,5312,5448,5401,6717,5042,0.065391064,0.158474919,75.1924906,0.138935457,-2520.654504,0.098081759,2710.167707,-2569.391976,-0.108598779,12,30,0.4,70.67669173,29.32330827,0,0.85 ,0.055105452,,,,,,,,,,,
69,127.4965835,37.21102923,2022/10/15,2022-10-19,2392,3071,3858,4164,4202,4329,4380,5775,4431,0.063364894,0.174398049,75.05763748,0.13609344,-2215.102034,0.095041573,2198.474345,-2066.005234,-0.137370753,12,30,0.4,70.67669173,29.32330827,0,0.85 ,0.055105452,,,,,,,,,,,
69,127.4965835,37.21102923,2022/10/15,2022-10-24,2860,3709,4626,4992,5147,5293,5343,6912,5205,0.071922961,0.168937744,75.62558834,0.153862661,-2602.103778,0.107879031,2660.497155,-2606.98594,-0.128029376,12,30,0.4,70.67669173,29.32330827,0,0.85 ,0.055105452,,,,,,,,,,,
69,127.4965835,37.21102923,2022/10/15,2022-10-29,2614,3282,4090,4513,4600,4816,4770,6383,5101,0.076749436,0.172985384,75.9440212,0.175149392,-2550.062154,0.115117657,2362.967155,-2367.090164,-0.144624765,12,30,0.4,70.67669173,29.32330827,0,0.85 ,0.055105452,,,,,,,,,,,
70,127.5006381,37.20846586,2022/10/15,2022-9-24,3002,3848,4648,5149,5282,5465,5442,6680,4905,0.078691774,0.145862836,76.07179333,0.183524408,-2452.141275,0.118031812,2708.553776,-2718.006999,-0.102128362,15,30,0.5,70.11173184,29.88826816,0,0.10 ,-0.140020733,,,,,,,,,,,
70,127.5006381,37.20846586,2022/10/15,2022-10-19,2572,3179,3576,4118,4334,4427,4596,5198,4041,0.124816446,0.100740183,79.0453317,0.377051604,-2020.130313,0.187213215,2211.511122,-2559.089133,-0.061466204,15,30,0.5,70.11173184,29.88826816,0,0.10 ,-0.140020733,,,,,,,,,,,
70,127.5006381,37.20846586,2022/10/15,2022-10-24,2883,3681,4122,4758,5065,5154,5341,6156,4610,0.1288175,0.111015025,79.29801383,0.360586878,-2304.604242,0.193216041,2561.833675,-2993.709343,-0.070888058,15,30,0.5,70.11173184,29.88826816,0,0.10 ,-0.140020733,,,,,,,,,,,
70,127.5006381,37.20846586,2022/10/15,2022-10-29,2760,3385,3759,4494,4601,4810,4882,5903,4694,0.12996181,0.116736015,79.37013355,0.416728514,-2346.556245,0.194931436,2343.364865,-2741.435942,-0.094668521,15,30,0.5,70.11173184,29.88826816,0,0.10 ,-0.140020733,,,,,,,,,,,
71,127.5003625,37.20828631,2022/10/15,2022-9-24,2419,3116,4089,4530,4713,4886,4896,6034,4546,0.089816361,0.161027641,76.79950264,0.178721708,-2272.615765,0.134717044,2366.436444,-2527.795542,-0.104117109,17,30,0.566666667,49.65753425,50.34246575,0,0.44 ,0.147739296,,,,,,,,,,,
71,127.5003625,37.20828631,2022/10/15,2022-10-19,2156,2775,3554,3977,4153,4277,4316,5178,4048,0.09682338,0.148645093,77.25434486,0.201140323,-2023.628077,0.145225843,2080.582103,-2269.223147,-0.090794186,17,30,0.566666667,49.65753425,50.34246575,0,0.44 ,0.147739296,,,,,,,,,,,
71,127.5003625,37.20828631,2022/10/15,2022-10-24,2418,3182,4054,4721,4802,5008,5024,6018,4666,0.106851729,0.150165582,77.90068867,0.216247548,-2332.610047,0.160268767,2399.08816,-2703.124131,-0.090019924,17,30,0.566666667,49.65753425,50.34246575,0,0.44 ,0.147739296,,,,,,,,,,,
71,127.5003625,37.20828631,2022/10/15,2022-10-29,2437,3060,3718,4163,4380,4506,4633,5699,4601,0.109567716,0.142354582,78.07481774,0.26400831,-2300.079316,0.164341735,2227.400403,-2507.024925,-0.103174603,17,30,0.566666667,49.65753425,50.34246575,0,0.44 ,0.147739296,,,,,,,,,,,
72,127.5000275,37.20811586,2022/10/15,2022-9-24,2384,3054,3982,4527,4671,4797,5038,5934,4429,0.117073171,0.143845888,78.55400504,0.238892408,-2214.106333,0.175600022,2370.294965,-2766.759563,-0.081662413,19,30,0.633333333,58.90804598,41.09195402,0,0.50 ,-0.042925534,,,,,,,,,,,
72,127.5000275,37.20811586,2022/10/15,2022-10-19,2081,2668,3312,3798,4013,4175,4182,5015,3871,0.116092874,0.141466758,78.4915839,0.257472625,-1935.091018,0.174127694,1988.206674,-2292.384627,-0.090573013,19,30,0.633333333,58.90804598,41.09195402,0,0.50 ,-0.042925534,,,,,,,,,,,
72,127.5000275,37.20811586,2022/10/15,2022-10-24,2396,3162,3864,4465,4719,4810,4991,5836,4493,0.127272727,0.135366068,79.20055096,0.2760631,-2246.093444,0.190898312,2353.220512,-2790.478825,-0.078045627,19,30,0.633333333,58.90804598,41.09195402,0,0.50 ,-0.042925534,,,,,,,,,,,
72,127.5000275,37.20811586,2022/10/15,2022-10-29,2313,2941,3578,4196,4346,4457,4551,5596,4497,0.119694919,0.144032922,78.72070372,0.280484289,-2248.060109,0.179531336,2164.439009,-2511.382548,-0.102986104,19,30,0.633333333,58.90804598,41.09195402,0,0.50 ,-0.042925534,,,,,,,,,,,
73,127.4986231,37.20938549,2022/10/15,2022-9-24,2875,3651,4549,4982,5219,5351,5358,6189,4628,0.081659433,0.132043646,76.26660034,0.182363284,-2313.694571,0.122482967,2640.104501,-2701.410368,-0.071966745,16,30,0.533333333,69.52595937,30.47404063,0,0.21 ,-0.173329348,,,,,,,,,,,
73,127.4986231,37.20938549,2022/10/15,2022-10-19,2638,3202,3621,4217,4369,4500,4632,5276,4092,0.122500909,0.1006371,78.89872678,0.384469121,-2045.628006,0.183740231,2231.588099,-2568.873738,-0.064997981,16,30,0.533333333,69.52595937,30.47404063,0,0.21 ,-0.173329348,,,,,,,,,,,
73,127.4986231,37.20938549,2022/10/15,2022-10-29,2803,3426,3734,4431,4584,4820,4869,5893,4776,0.131930722,0.113012313,79.49407033,0.453891066,-2387.551516,0.197884582,2342.538817,-2742.613074,-0.0951496,16,30,0.533333333,69.52595937,30.47404063,0,0.21 ,-0.173329348,,,,,,,,,,,
74,127.499403,37.20872577,2022/10/15,2022-9-24,2491,3240,4180,4672,4840,4923,5030,6062,4581,0.092290988,0.153183584,76.96044361,0.185938662,-2290.13253,0.138428967,2432.897221,-2614.285981,-0.093040029,20,30,0.666666667,60.61776062,39.38223938,0,0.46 ,0.10856215,,,,,,,,,,,
74,127.499403,37.20872577,2022/10/15,2022-10-19,2579,3193,3787,4295,4452,4609,4765,5494,4323,0.114359214,0.116511278,78.38107005,0.300165736,-2161.132191,0.171528793,2291.090061,-2603.31941,-0.071059557,20,30,0.666666667,60.61776062,39.38223938,0,0.46 ,0.10856215,,,,,,,,,,,
74,127.499403,37.20872577,2022/10/15,2022-10-24,2949,3743,4323,5093,5284,5462,5613,6498,5016,0.129830918,0.116545426,79.36188744,0.341830516,-2507.598041,0.194736577,2670.916343,-3151.300645,-0.073074065,20,30,0.666666667,60.61776062,39.38223938,0,0.46 ,0.10856215,,,,,,,,,,,
74,127.499403,37.20872577,2022/10/15,2022-10-29,2813,3487,4011,4685,4856,5002,5061,6164,5095,0.115740741,0.127486287,78.4691494,0.326878775,-2547.076847,0.173601543,2446.335377,-2772.404976,-0.098262806,20,30,0.666666667,60.61776062,39.38223938,0,0.46 ,0.10856215,,,,,,,,,,,
75,127.4992095,37.20841631,2022/10/15,2022-9-24,3097,3942,4871,5393,5509,5651,5715,6807,4957,0.079727943,0.139873109,76.13986752,0.180118656,-2478.168465,0.119586266,2826.997426,-2863.930981,-0.087206517,15,30,0.5,69.23076923,27.16346154,3.605769231,0.15 ,-0.039463199,,,,,,,,,,,
75,127.4992095,37.20841631,2022/10/15,2022-10-19,2578,3188,3736,4354,4513,4671,4755,5458,4203,0.120009422,0.112603618,78.74067702,0.32506061,-2101.125449,0.180003533,2278.670787,-2625.458173,-0.068833839,15,30,0.5,69.23076923,27.16346154,3.605769231,0.15 ,-0.039463199,,,,,,,,,,,
75,127.4992095,37.20841631,2022/10/15,2022-10-24,2963,3733,4213,5054,5247,5462,5503,6455,4826,0.132770688,0.115083098,79.54688476,0.376774344,-2412.579717,0.199145783,2623.98482,-3103.791422,-0.079611975,15,30,0.5,69.23076923,27.16346154,3.605769231,0.15 ,-0.039463199,,,,,,,,,,,
75,127.4992095,37.20841631,2022/10/15,2022-10-29,2708,3329,3872,4545,4753,4870,5011,6065,4878,0.128222447,0.125623018,79.26048494,0.358898412,-2438.558664,0.192322846,2384.783848,-2806.017871,-0.095160708,15,30,0.5,69.23076923,27.16346154,3.605769231,0.15 ,-0.039463199,,,,,,,,,,,
76,127.492623,37.19835777,2022/10/15,2022-9-24,2194,2823,3541,3847,4035,4178,4396,5455,4296,0.107723321,0.154369306,77.95661108,0.232640401,-2147.574525,0.161574803,2103.775072,-2369.603523,-0.107501776,16,30,0.533333333,63.66906475,31.29496403,5.035971223,0.74 ,0.063858787,,,,,,,,,,,
76,127.492623,37.19835777,2022/10/15,2022-10-19,2480,3078,3672,4031,4215,4398,4471,5533,4642,0.098121086,0.139514731,77.33828842,0.252720142,-2320.595698,0.147172592,2184.4783,-2358.189011,-0.106157537,16,30,0.533333333,63.66906475,31.29496403,5.035971223,0.74 ,0.063858787,,,,,,,,,,,
76,127.492623,37.19835777,2022/10/15,2022-10-29,2581,3160,3697,4203,4353,4491,4651,5956,5053,0.114278869,0.1433817,78.3759446,0.318999532,-2526.032007,0.171408037,2243.142884,-2540.634701,-0.12303196,16,30,0.533333333,63.66906475,31.29496403,5.035971223,0.74 ,0.063858787,,,,,,,,,,,
77,127.4923922,37.19881469,2022/10/15,2022-9-24,2323,2942,3676,4113,4424,4586,4700,5925,4688,0.122254059,0.155076997,78.88308179,0.274251433,-2343.531556,0.183370143,2217.56473,-2605.463855,-0.115294118,15,30,0.5,62.24188791,33.03834808,4.719764012,0.73 ,-0.164495062,,,,,,,,,,,
77,127.4923922,37.19881469,2022/10/15,2022-10-19,2507,3249,3916,4400,4628,4868,4993,6019,5001,0.120888989,0.1396616,78.79650936,0.277935484,-2500.076691,0.181323307,2376.297447,-2761.232726,-0.093171086,15,30,0.5,62.24188791,33.03834808,4.719764012,0.73 ,-0.164495062,,,,,,,,,,,
77,127.4923922,37.19881469,2022/10/15,2022-10-29,2594,3337,3916,4471,4759,4822,5018,6297,5317,0.123349004,0.145918654,78.95245429,0.304083885,-2658.033777,0.185013151,2395.619822,-2787.07083,-0.113035793,15,30,0.5,62.24188791,33.03834808,4.719764012,0.73 ,-0.164495062,,,,,,,,,,,
78,127.4929809,37.19876169,2022/10/15,2022-9-24,2358,3014,3806,4206,4399,4623,4694,5950,4687,0.104470588,0.160875773,77.74770661,0.225472273,-2343.060521,0.156696665,2251.011328,-2512.485539,-0.118000752,20,30,0.666666667,69.07514451,22.25433526,8.670520231,0.04 ,-0.004274082,,,,,,,,,,,
78,127.4929809,37.19876169,2022/10/15,2022-10-19,2488,3144,3762,4055,4234,4456,4561,5706,4784,0.095999039,0.146455167,77.20097401,0.235721029,-2391.589397,0.143989908,2232.09172,-2393.150777,-0.111522353,20,30,0.666666667,69.07514451,22.25433526,8.670520231,0.04 ,-0.004274082,,,,,,,,,,,
78,127.4929809,37.19876169,2022/10/15,2022-10-29,2482,3065,3604,4082,4273,4367,4527,5820,4916,0.113516173,0.146960385,78.3272732,0.306156296,-2457.529761,0.170263789,2182.678528,-2469.214503,-0.124963758,20,30,0.666666667,69.07514451,22.25433526,8.670520231,0.04 ,-0.004274082,,,,,,,,,,,
79,127.4934023,37.19898994,2022/10/15,2022-9-24,2535,3259,4072,4472,4648,4858,4926,6137,4778,0.09490998,0.155517827,77.13040775,0.206349973,-2388.595495,0.14235706,2391.367368,-2577.613475,-0.109463979,18,30,0.6,70.18348624,26.60550459,3.211009174,0.32 ,-0.058603916,,,,,,,,,,,
79,127.4934023,37.19898994,2022/10/15,2022-10-19,2655,3305,3858,4314,4458,4533,4689,5766,4846,0.097227097,0.13437058,77.28046954,0.262128572,-2422.603532,0.145832115,2304.437989,-2467.801924,-0.103012912,18,30,0.6,70.18348624,26.60550459,3.211009174,0.32 ,-0.058603916,,,,,,,,,,,
79,127.4934023,37.19898994,2022/10/15,2022-10-29,2638,3198,3677,4162,4272,4479,4585,5858,4936,0.10990075,0.137963958,78.0961427,0.330759143,-2467.542576,0.16484115,2230.340233,-2482.753277,-0.121899837,18,30,0.6,70.18348624,26.60550459,3.211009174,0.32 ,-0.058603916,,,,,,,,,,,
80,127.4937298,37.19930977,2022/10/15,2022-9-24,2495,3144,3907,4280,4564,4780,4769,5966,4596,0.099354541,0.152243683,77.41799153,0.226854045,-2297.582945,0.149023224,2306.819504,-2522.835552,-0.111504425,12,30,0.4,59.12162162,40.87837838,0,0.62 ,0.166672429,,,,,,,,,,,
80,127.4937298,37.19930977,2022/10/15,2022-10-19,2426,2992,3445,3999,4223,4238,4444,5358,4456,0.126632019,0.123333121,79.16009217,0.360910405,-2227.565425,0.189935991,2123.132513,-2481.994951,-0.093246276,12,30,0.4,59.12162162,40.87837838,0,0.62 ,0.166672429,,,,,,,,,,,
80,127.4937298,37.19930977,2022/10/15,2022-10-29,2448,2963,3363,3957,4138,4379,4429,5624,4681,0.136806982,0.133005547,79.80018681,0.426536492,-2339.996885,0.205197305,2100.401522,-2513.160343,-0.118869989,12,30,0.4,59.12162162,40.87837838,0,0.62 ,0.166672429,,,,,,,,,,,
81,127.4945285,37.19922477,2022/10/15,2022-9-24,2565,3276,3964,4242,4750,4838,5012,5846,4723,0.116755793,0.128429286,78.53380121,0.274072912,-2361.116349,0.175123935,2393.640092,-2750.840897,-0.076809726,11,30,0.366666667,80.88235294,12.86764706,6.25,0.38 ,-0.164656391,,,,,,,,,,,
81,127.4945285,37.19922477,2022/10/15,2022-10-19,2704,3464,3987,4375,4671,4984,5108,6193,4950,0.123254535,0.131614051,78.94647145,0.320249114,-2474.566644,0.18487164,2449.197805,-2836.598911,-0.096009203,11,30,0.366666667,80.88235294,12.86764706,6.25,0.38 ,-0.164656391,,,,,,,,,,,
81,127.4945285,37.19922477,2022/10/15,2022-10-29,2749,3379,3899,4474,4716,4870,5096,6343,5248,0.13307393,0.132526124,79.56594309,0.380072395,-2623.522796,0.1995998,2417.277118,-2875.555813,-0.109013026,11,30,0.366666667,80.88235294,12.86764706,6.25,0.38 ,-0.164656391,,,,,,,,,,,
82,127.4952055,37.19881011,2022/10/15,2022-9-24,2618,3295,4021,4417,4643,4798,4902,6300,5043,0.09873361,0.156997926,77.37787861,0.234458165,-2521.058419,0.148092116,2381.76102,-2589.355954,-0.124799143,16,30,0.533333333,64.35643564,31.18811881,4.455445545,0.58 ,-0.059312379,,,,,,,,,,,
82,127.4952055,37.19881011,2022/10/15,2022-10-19,2709,3399,3944,4472,4721,4867,5040,6081,5074,0.121994657,0.128052211,78.86663789,0.326676602,-2536.573708,0.182981802,2415.45802,-2792.68931,-0.09360669,16,30,0.533333333,64.35643564,31.18811881,4.455445545,0.58 ,-0.059312379,,,,,,,,,,,
82,127.4952055,37.19881011,2022/10/15,2022-10-24,2734,3379,3854,4334,4544,4598,4628,5680,4361,0.091252063,0.128551136,76.89291666,0.266970199,-2180.11699,0.136870027,2301.915652,-2398.710153,-0.102056655,16,30,0.533333333,64.35643564,31.18811881,4.455445545,0.58 ,-0.059312379,,,,,,,,,,,
82,127.4952055,37.19881011,2022/10/15,2022-10-29,2733,3382,3844,4453,4679,4823,4993,6202,5242,0.130021501,0.130542426,79.37389373,0.379935189,-2620.530606,0.195021216,2383.841647,-2804.038634,-0.10799464,16,30,0.533333333,64.35643564,31.18811881,4.455445545,0.58 ,-0.059312379,,,,,,,,,,,
83,127.4958015,37.19808189,2022/10/15,2022-9-24,2786,3622,4448,4884,5074,5191,5263,6747,5192,0.083925445,0.163479526,76.41501458,0.184272407,-2595.589318,0.125881687,2594.925754,-2671.89489,-0.123563697,16,30,0.533333333,74.20382166,25.79617834,0,0.23 ,0.023715004,,,,,,,,,,,
83,127.4958015,37.19808189,2022/10/15,2022-10-19,2806,3598,4124,4617,4859,4949,5085,6122,5003,0.104354436,0.129845068,77.74023642,0.273477518,-2501.110032,0.156523155,2490.2076,-2721.08783,-0.092531454,16,30,0.533333333,74.20382166,25.79617834,0,0.23 ,0.023715004,,,,,,,,,,,
83,127.4958015,37.19808189,2022/10/15,2022-10-24,3031,3932,4562,5206,5463,5633,5736,6972,5444,0.114002719,0.136298704,78.35832559,0.282850672,-2721.582141,0.170995776,2772.366899,-3131.69244,-0.097261568,16,30,0.533333333,74.20382166,25.79617834,0,0.23 ,0.023715004,,,,,,,,,,,
83,127.4958015,37.19808189,2022/10/15,2022-10-29,2809,3521,3988,4537,4739,4902,4996,6245,5135,0.112199466,0.134604723,78.24317643,0.320712695,-2567.058921,0.168289832,2432.684868,-2717.96003,-0.111111111,16,30,0.533333333,74.20382166,25.79617834,0,0.23 ,0.023715004,,,,,,,,,,,
84,127.4955048,37.19754543,2022/10/15,2022-9-24,2577,3355,4230,4619,4872,4999,5060,6378,4821,0.08934338,0.162839134,76.76870326,0.186709857,-2410.095061,0.134007857,2466.498305,-2609.088225,-0.115229935,17,30,0.566666667,79.26421405,20.73578595,0,0.18 ,0.085647074,,,,,,,,,,,
84,127.4955048,37.19754543,2022/10/15,2022-10-19,2812,3531,4203,4719,4869,5024,5161,6378,5272,0.102306707,0.140562682,77.60842136,0.25780409,-2635.588925,0.153451866,2511.508865,-2749.065824,-0.105468411,17,30,0.566666667,79.26421405,20.73578595,0,0.18 ,0.085647074,,,,,,,,,,,
84,127.4955048,37.19754543,2022/10/15,2022-10-24,2786,3660,4452,5109,5359,5440,5583,6953,5479,0.112705531,0.153534945,78.27550898,0.248004561,-2739.061459,0.169049873,2674.691945,-3040.389862,-0.109285258,17,30,0.566666667,79.26421405,20.73578595,0,0.18 ,0.085647074,,,,,,,,,,,
84,127.4955048,37.19754543,2022/10/15,2022-10-29,2805,3490,4064,4606,4740,4915,5028,6489,5420,0.106027277,0.147938649,77.84775377,0.287744015,-2709.540459,0.159032169,2448.967583,-2700.472185,-0.126855952,17,30,0.566666667,79.26421405,20.73578595,0,0.18 ,0.085647074,,,,,,,,,,,
85,127.4946166,37.19732311,2022/10/15,2022-9-24,2430,3040,3713,4233,4414,4566,4820,5961,4863,0.12973163,0.143228551,79.35563182,0.311866126,-2431.035297,0.194586043,2267.165852,-2705.62462,-0.105834338,18,30,0.6,85.21126761,11.26760563,3.521126761,0.68 ,0.059684076,,,,,,,,,,,
85,127.4946166,37.19732311,2022/10/15,2022-10-19,2361,2961,3444,3973,4178,4420,4572,5539,4569,0.140718563,0.128801206,80.04489758,0.374526861,-2284.033615,0.211064679,2148.17341,-2608.860044,-0.095638414,18,30,0.6,85.21126761,11.26760563,3.521126761,0.68 ,0.059684076,,,,,,,,,,,
85,127.4946166,37.19732311,2022/10/15,2022-10-24,2299,3005,3472,4132,4406,4671,4884,5914,4693,0.168980373,0.132959141,81.7912204,0.416543749,-2345.979706,0.253455394,2234.533633,-2881.962476,-0.095388035,18,30,0.6,85.21126761,11.26760563,3.521126761,0.68 ,0.059684076,,,,,,,,,,,
85,127.4946166,37.19732311,2022/10/15,2022-10-29,2521,3053,3539,4106,4455,4482,4763,5856,4902,0.147434353,0.126566341,80.4633055,0.431563359,-2450.506811,0.221138211,2224.397521,-2742.457731,-0.102928713,18,30,0.6,85.21126761,11.26760563,3.521126761,0.68 ,0.059684076,,,,,,,,,,,
86,127.4941847,37.19765634,2022/10/15,2022-9-24,2595,3280,4009,4416,4601,4695,4896,6167,4632,0.099606962,0.151978265,77.4342923,0.233703957,-2315.575906,0.149402055,2375.834286,-2591.577778,-0.114887463,16,30,0.533333333,70.75471698,24.05660377,5.188679245,0.21 ,0.034924824,,,,,,,,,,,
86,127.4941847,37.19765634,2022/10/15,2022-10-19,2776,3518,4029,4542,4765,4891,5017,5996,4866,0.109219545,0.125266584,78.05251723,0.295031056,-2432.60762,0.163820262,2444.48254,-2712.87741,-0.088894942,16,30,0.533333333,70.75471698,24.05660377,5.188679245,0.21 ,0.034924824,,,,,,,,,,,
86,127.4941847,37.19765634,2022/10/15,2022-10-24,2744,3573,4064,4762,4930,4997,5252,6246,5006,0.127522542,0.126406643,79.21632041,0.327923153,-2502.576763,0.191273547,2513.650046,-2937.622551,-0.086449817,16,30,0.533333333,70.75471698,24.05660377,5.188679245,0.21 ,0.034924824,,,,,,,,,,,
86,127.4941847,37.19765634,2022/10/15,2022-10-29,2852,3525,3997,4660,4866,4961,5141,6409,5277,0.125191508,0.131148432,79.06905261,0.369795707,-2638.036466,0.187776987,2468.276839,-2864.395851,-0.10978355,16,30,0.533333333,70.75471698,24.05660377,5.188679245,0.21 ,0.034924824,,,,,,,,,,,
87,127.493451,37.19752011,2022/10/15,2022-9-24,2298,2899,3571,3913,4277,4474,4610,5508,4443,0.127001589,0.135797836,79.18343192,0.295103386,-2221.073348,0.190490741,2170.722921,-2576.290881,-0.088752718,17,30,0.566666667,70.44534413,23.07692308,6.477732794,0.87 ,-0.119196926,,,,,,,,,,,
87,127.493451,37.19752011,2022/10/15,2022-10-19,2355,2954,3417,3901,4272,4455,4711,5383,4273,0.159202756,0.109290306,81.19130224,0.42839171,-2136.053233,0.238789445,2175.508268,-2751.197369,-0.066574202,17,30,0.566666667,70.44534413,23.07692308,6.477732794,0.87 ,-0.119196926,,,,,,,,,,,
87,127.493451,37.19752011,2022/10/15,2022-10-29,2402,2972,3409,3933,4237,4477,4625,5688,4737,0.151356734,0.128380055,80.70667469,0.430290163,-2367.999011,0.227020972,2156.249058,-2676.177814,-0.10307379,17,30,0.566666667,70.44534413,23.07692308,6.477732794,0.87 ,-0.119196926,,,,,,,,,,,
88,127.3692737,37.22355058,2022/10/16,2022-9-24,1861,2309,2833,3156,3307,3465,3622,4432,3843,0.122230829,0.139786633,78.88160932,0.296015607,-1921.059868,0.183332042,1715.169379,-2007.734273,-0.100571145,21,30,0.7,93.18996416,0,6.810035842,2.61 ,-0.057413458,,,,,,,,,,,
88,127.3692737,37.22355058,2022/10/16,2022-10-19,1830,2263,2724,2970,3084,3254,3317,3972,3564,0.098162556,0.130794562,77.34096947,0.249705238,-1781.627296,0.147231648,1617.399628,-1749.642296,-0.089861435,21,30,0.7,93.18996416,0,6.810035842,2.61 ,-0.057413458,,,,,,,,,,,
88,127.3692737,37.22355058,2022/10/16,2022-10-29,2054,2484,2878,3196,3347,3505,3578,4304,3870,0.10842627,0.120961448,78.00168396,0.321572951,-1934.602951,0.16262681,1740.217866,-1931.491254,-0.092108602,21,30,0.7,93.18996416,0,6.810035842,2.61 ,-0.057413458,,,,,,,,,,,
89,127.3691897,37.22400529,2022/10/16,2022-9-24,1799,2241,2754,3021,3241,3387,3710,4300,3747,0.14789604,0.12298018,80.49198964,0.354467927,-1873.061729,0.221826901,1711.746898,-2137.368171,-0.073657928,18,30,0.6,100,0,0,2.37 ,0.096265679,,,,,,,,,,,
89,127.3691897,37.22400529,2022/10/16,2022-10-19,1791,2213,2653,2821,2977,3161,3284,3857,3499,0.106282634,0.123867069,77.86415313,0.273373191,-1749.130164,0.159410526,1588.865213,-1764.69102,-0.080240863,18,30,0.6,100,0,0,2.37 ,0.096265679,,,,,,,,,,,
89,127.3691897,37.22400529,2022/10/16,2022-10-29,2032,2418,2791,3165,3318,3446,3585,4250,3802,0.124529486,0.112498025,79.02717796,0.38982718,-1900.585629,0.186779581,1715.5702,-1995.130412,-0.084875558,18,30,0.6,100,0,0,2.37 ,0.096265679,,,,,,,,,,,
90,127.3686767,37.22373658,2022/10/16,2022-9-24,1807,2217,2735,3043,3158,3345,3633,4214,3699,0.141017588,0.121801598,80.06357399,0.345836864,-1849.074388,0.211509775,1686.35053,-2073.863087,-0.074041035,21,30,0.7,93.5828877,0,6.417112299,3.68 ,0.014888633,,,,,,,,,,,
90,127.3686767,37.22373658,2022/10/16,2022-10-19,1743,2092,2512,2756,2959,2997,3234,3837,3478,0.125652628,0.121137206,79.09820655,0.344827586,-1738.582677,0.188462542,1532.802952,-1803.189246,-0.085277896,21,30,0.7,93.5828877,0,6.417112299,3.68 ,0.014888633,,,,,,,,,,,
90,127.3686767,37.22373658,2022/10/16,2022-10-29,2006,2417,2814,3137,3297,3434,3573,4304,3876,0.118835134,0.121209735,78.66607489,0.350544984,-1937.581402,0.178238748,1716.806273,-1968.557818,-0.092801828,21,30,0.7,93.5828877,0,6.417112299,3.68 ,0.014888633,,,,,,,,,,,
91,127.368929,37.22405871,2022/10/16,2022-9-24,1847,2259,2806,3105,3303,3439,3690,4349,3790,0.136083744,0.127481878,79.7548584,0.331110945,-1894.568753,0.204109905,1718.940791,-2091.560825,-0.08197537,18,30,0.6,95.35864979,0,4.641350211,3.22 ,0.114459515,,,,,,,,,,,
91,127.368929,37.22405871,2022/10/16,2022-10-19,1779,2147,2552,2818,2913,3137,3171,3880,3432,0.108160056,0.130205588,77.98461745,0.300982204,-1715.587129,0.162225911,1533.969216,-1710.799507,-0.100553113,18,30,0.6,95.35864979,0,4.641350211,3.22 ,0.114459515,,,,,,,,,,,
91,127.368929,37.22405871,2022/10/16,2022-10-29,2027,2407,2756,3122,3377,3449,3649,4283,3924,0.139422326,0.107196225,79.96388724,0.447978328,-1961.566193,0.209117165,1722.542888,-2078.335433,-0.0799294,18,30,0.6,95.35864979,0,4.641350211,3.22 ,0.114459515,,,,,,,,,,,
92,127.3680074,37.22394158,2022/10/16,2022-9-24,1895,2369,2891,3165,3277,3394,3603,4378,3873,0.109639667,0.138717005,78.07942542,0.26419295,-1936.090922,0.16444684,1730.499318,-1949.907604,-0.097105626,22,30,0.733333333,94.55252918,0,5.447470817,3.30 ,-0.239367937,,,,,,,,,,,
92,127.3680074,37.22394158,2022/10/16,2022-10-19,1819,2208,2595,2881,3015,3146,3342,3940,3566,0.125821122,0.11747606,79.10885676,0.354330709,-1782.588433,0.188715789,1590.885602,-1863.941765,-0.082120297,22,30,0.733333333,94.55252918,0,5.447470817,3.30 ,-0.239367937,,,,,,,,,,,
92,127.3680074,37.22394158,2022/10/16,2022-10-29,2043,2483,2853,3178,3425,3555,3656,4255,3901,0.123367645,0.110017959,78.9536348,0.368179734,-1950.10557,0.185037253,1753.448475,-2030.597051,-0.075717356,22,30,0.733333333,94.55252918,0,5.447470817,3.30 ,-0.239367937,,,,,,,,,,,
93,127.3677431,37.22464125,2022/10/16,2022-9-24,1891,2344,2834,3052,3162,3352,3576,3887,3244,0.11575663,0.102888087,78.47016186,0.289911698,-1621.6867,0.173621402,1709.894994,-1958.916826,-0.04167225,27,30,0.9,92.20779221,0,7.792207792,2.51 ,0.170191394,,,,,,,,,,,