id,xcoord(long),ycoord(lat),sampling date,sensing date,1,2,3,4,5,6,7,8,9,10,11,12,NDVI,BSI,EVI,AVI,SAVI,NDMI,C,S,SWHC,Sand (%),Silt (%),Clay (%),SOC
1,127.4844862,37.1540762,2022-7-26,2022-6-1,0.10868,0.1528,0.2256,0.3088,0.35811,0.41561,0.42981,0.452,0.45821,0.46119,0.45868,0.33458,0.188222923,0.118547235,0.219677724,0.355000034,0.172013459,-0.007335178,,,0.7,68,30.5,1.6,0.71 
2,127.4852446,37.1545173,2022-7-26,2022-6-1,0.12119,0.207,0.2946,0.4032,0.44438,0.46117,0.48472,0.5153,0.50704,0.51287,0.55052,0.39463,0.122046815,0.138077111,0.222717592,0.325460427,0.11888511,-0.033044979,,,0.75,75.2,23.6,1.2,0.86 
3,127.4861837,37.1552674,2022-7-26,2022-6-1,0.11056,0.1938,0.272,0.3876,0.44757,0.45597,0.47389,0.4951,0.49256,0.49884,0.52392,0.36816,0.121785431,0.139100986,0.202995649,0.319432321,0.117120623,-0.028282075,,,0.8,63.8,33.5,2.7,0.87 
4,127.4828685,37.1539711,2022-7-26,2022-6-1,0.12599,0.1946,0.2728,0.376,0.43381,0.44057,0.46657,0.4856,0.49037,0.48631,0.553,0.40561,0.1272052,0.154610987,0.209316894,0.321433601,0.121362283,-0.064895051,,,1,77.8,17.6,4.7,1.00 
5,127.4812562,37.1576694,2022-7-26,2022-6-1,0.10426,0.1894,0.2458,0.298,0.30659,0.33511,0.36345,0.3836,0.38399,0.4045,0.45811,0.3962,0.125586854,0.137768883,0.184600521,0.284596677,0.110162942,-0.088522175,,,0.7,81.1,16,2.9,0.84 
6,127.489336,37.1402543,2022-7-26,2022-6-1,0.13395,0.2386,0.3152,0.4136,0.42479,0.47257,0.50595,0.5208,0.51203,0.51378,0.61069,0.4601,0.114726027,0.148506747,0.213678621,0.319904175,0.112361715,-0.079443919,,,0.7,68,30.3,1.7,1.07 
7,127.5011897,37.1504977,2022-7-26,2022-6-1,0.09402,0.1096,0.123,0.1318,0.14902,0.15977,0.15826,0.1433,0.16479,0.14868,0.19711,0.17241,0.041802981,0.130644025,0.025821343,0.112682015,0.023356564,-0.158074087,,,0.65,66.2,32.5,1.4,0.47 
10,127.5143499,37.14533637,2022-8-27,2022-6-1,0.08208,0.1282,0.197,0.2874,0.30711,0.33986,0.36162,0.3788,0.35449,0.36049,0.41533,0.32017,0.137196037,0.161796434,0.180995834,0.29111684,0.119282764,-0.046000025,23,37,0.621621622,,,,0.30
11,127.5096228,37.14043306,2022-8-27,2022-6-1,0.1315,0.1616,0.2254,0.3066,0.35151,0.38312,0.40356,0.4251,0.41226,0.42913,0.51286,0.402,0.16195162,0.165528816,0.20799399,0.326887086,0.145915323,-0.093564758,22,42,0.523809524,,,,1.00
12,127.5100907,37.14023002,2022-8-27,2022-6-1,0.12554,0.1662,0.233,0.2952,0.33632,0.37965,0.39957,0.4235,0.41459,0.42105,0.49884,0.38136,0.178516766,0.147672251,0.215644749,0.337066291,0.159773611,-0.081683544,38,46,0.826086957,,,,1.54
13,127.5115348,37.13953628,2022-8-27,2022-6-1,0.1147,0.179,0.2556,0.3456,0.3823,0.41659,0.42918,0.454,0.44449,0.44781,0.52639,0.41008,0.135567784,0.158798397,0.199039323,0.318157971,0.126095797,-0.073837962,16,37,0.432432432,,,,0.90
14,127.5135122,37.13302932,2022-8-27,2022-6-1,0.12436,0.201,0.2812,0.3804,0.42222,0.44733,0.46374,0.4916,0.48429,0.48845,0.57138,0.39252,0.127522936,0.157615636,0.210195224,0.323550958,0.122148923,-0.075053152,16,40,0.4,,,,1.46
15,127.5370585,37.11810618,2022-8-27,2022-6-1,0.10921,0.1462,0.1904,0.2496,0.28246,0.31537,0.33158,0.3421,0.33342,0.33408,0.38812,0.28073,0.156329221,0.132697465,0.169747196,0.287428091,0.129538099,-0.063022103,22,44,0.5,,,,0.81
16,127.5376574,37.11763538,2022-8-27,2022-6-1,0.08607,0.131,0.1732,0.226,0.25206,0.29426,0.31878,0.3247,0.31391,0.32178,0.34166,0.25409,0.179226439,0.109404315,0.176848759,0.291639806,0.144011035,-0.025451708,20,42,0.476190476,,,,0.48
17,127.5366973,37.11976759,2022-8-27,2022-6-1,0.2588,0.3156,0.3768,0.4576,0.50377,0.51023,0.51844,0.5413,0.52823,0.53517,0.68288,0.54385,0.083792171,0.141975989,0.178742269,0.290733039,0.083764524,-0.115652927,12,36,0.333333333,,,,1.01
18,127.5361816,37.12031974,2022-8-27,2022-6-1,0.24995,0.2602,0.3432,0.4232,0.45878,0.4744,0.49482,0.5107,0.5063,0.50152,0.68197,0.52208,0.093693115,0.178175654,0.184895613,0.295392674,0.091746824,-0.14360217,20,25,0.8,,,,1.28
19,127.5360454,37.1194835,2022-8-27,2022-6-1,0.19776,0.2608,0.3356,0.4224,0.4564,0.47704,0.49349,0.5082,0.50489,0.5087,0.68019,0.53105,0.092198582,0.178238824,0.178387279,0.293122875,0.090182835,-0.144725216,12,39,0.307692308,,,,1.08
21,127.523421,37.125635,2022-8-27,2022-6-1,0.12307,0.1628,0.2116,0.2562,0.28241,0.31156,0.33096,0.3418,0.33682,0.34029,0.38201,0.29813,0.143143813,0.116913573,0.165935208,0.279190519,0.119139181,-0.055553253,22,26,0.846153846,,,,0.51
22,127.5230682,37.12507878,2022-8-27,2022-6-1,0.10092,0.1416,0.187,0.2354,0.26488,0.30174,0.31488,0.32,0.31478,0.3336,0.35221,0.26964,0.15232265,0.120099885,0.154951866,0.274569027,0.122848078,-0.047916574,19,40,0.475,,,,0.30
23,127.5237643,37.12612157,2022-8-27,2022-6-1,0.12795,0.1524,0.2008,0.2476,0.27425,0.322,0.33615,0.3426,0.33269,0.33671,0.38549,0.28788,0.160962386,0.122410446,0.167536682,0.290393294,0.133235121,-0.058907553,27,46,0.586956522,,,,0.64
24,127.5249595,37.12756278,2022-8-27,2022-6-1,0.13264,0.2014,0.2778,0.372,0.41401,0.43069,0.4579,0.472,0.46505,0.45577,0.57385,0.44834,0.118483412,0.168256909,0.197450519,0.309480921,0.112264151,-0.097384902,25,35,0.714285714,,,,1.51
25,127.5239128,37.12716028,2022-8-27,2022-6-1,0.14283,0.2248,0.3172,0.3852,0.45109,0.46729,0.48199,0.5003,0.49427,0.50982,0.59326,0.44535,0.12998306,0.148723849,0.203351142,0.328357214,0.12513346,-0.085006767,18,28,0.642857143,,,,1.26
26,127.524152,37.12687745,2022-8-27,2022-6-1,0.14198,0.2182,0.3012,0.386,0.40777,0.44477,0.49342,0.4907,0.48708,0.48055,0.56703,0.43407,0.119425117,0.146895477,0.207028284,0.315968438,0.114594619,-0.072163974,20,30,0.666666667,,,,1.61
27,127.5243353,37.12714944,2022-8-27,2022-6-1,0.13788,0.1988,0.2754,0.3696,0.40888,0.41517,0.43767,0.4464,0.44293,0.44335,0.5647,0.43678,0.094117647,0.183032605,0.164747473,0.278548316,0.088159486,-0.117001286,15,30,0.5,,,,1.39
31,127.5370937,37.1274953,2022-8-27,2022-6-1,0.08396,0.1126,0.1402,0.1716,0.18638,0.21501,0.22786,0.2291,0.22949,0.24641,0.24757,0.19144,0.143498877,0.101817656,0.116665044,0.221808239,0.099082901,-0.038747981,25,45,0.555555556,,,,0.66
32,127.5380458,37.12706827,2022-8-27,2022-6-1,0.09066,0.1152,0.1466,0.1822,0.19902,0.22224,0.2297,0.2396,0.23847,0.25097,0.2629,0.21002,0.136083452,0.112889111,0.118935137,0.224051886,0.096454695,-0.046368159,20,40,0.5,,,,0.90
34,127.5380375,37.12736807,2022-8-27,2022-6-1,0.09784,0.1282,0.1622,0.196,0.21708,0.24123,0.25881,0.2703,0.26287,0.27635,0.29284,0.23647,0.159339481,0.101809904,0.148876314,0.252753378,0.118640725,-0.040025571,22,29,0.75862069,,,,1.32
40,127.5188569,37.27338611,2022/10/15,2022-6-1,0.10787,0.155,0.2132,0.2544,0.29382,0.35663,0.36963,0.3757,0.37442,0.38702,0.39961,0.2877,0.192509126,0.104084544,0.188649314,0.323893798,0.163705132,-0.030839277,,,,,,,0.69 
42,127.5220381,37.26977395,2022/10/15,2022-6-1,0.08256,0.1005,0.1556,0.216,0.2571,0.31006,0.32359,0.3308,0.32523,0.33327,0.3577,0.25958,0.209948793,0.141691542,0.182667583,0.309937756,0.168172343,-0.039070443,,,,,,,1.04 
43,127.5227096,37.26934572,2022/10/15,2022-6-1,0.07403,0.089,0.13,0.1764,0.21222,0.26655,0.28082,0.2873,0.28141,0.29078,0.29625,0.21847,0.239163252,0.113493139,0.17731517,0.297162842,0.177599193,-0.01533716,,,,,,,1.04 
44,127.523696,37.26914646,2022/10/15,2022-6-1,0.07825,0.086,0.1252,0.1848,0.22068,0.2584,0.27393,0.2821,0.27749,0.28035,0.28761,0.21365,0.208395802,0.124103223,0.168164535,0.281790728,0.155262487,-0.009671587,,,,,,,0.96 
45,127.5234968,37.26880228,2022/10/15,2022-6-1,0.06038,0.083,0.1238,0.1924,0.22194,0.25359,0.26952,0.2722,0.26725,0.27741,0.29102,0.20627,0.171760654,0.15289404,0.147696818,0.259833877,0.127665696,-0.033415007,,,,,,,1.01 
65,127.4969555,37.20814686,2022/10/15,2022-6-1,0.15595,0.2324,0.3152,0.414,0.46343,0.47404,0.49077,0.5087,0.50252,0.50628,0.62897,0.43823,0.102633575,0.169203002,0.189712646,0.304487717,0.100119642,-0.105716069,,,,,,,0.47 
66,127.497328,37.20793023,2022/10/15,2022-6-1,0.15076,0.2224,0.3046,0.406,0.45617,0.46616,0.48857,0.5035,0.50385,0.4789,0.61925,0.43084,0.107201759,0.170944808,0.194151944,0.307796383,0.104097196,-0.103095079,,,,,,,0.45 
67,127.4978908,37.20771431,2022/10/15,2022-6-1,0.16036,0.2224,0.3022,0.4028,0.44692,0.46496,0.47753,0.4992,0.48523,0.50296,0.60795,0.43043,0.106873614,0.166911998,0.190069087,0.306307151,0.103503158,-0.098225173,,,,,,,0.37 
1,127.4844862,37.1540762,2022-7-26,2022-9-24,0.0821,0.0976,0.1448,0.2022,0.22249,0.27356,0.30689,0.3032,0.31966,0.31623,0.3897,0.28525,0.19984171,0.192505289,0.176813299,0.290167121,0.154518963,-0.124837639,,,0.7,68,30.5,1.6,0.71 
2,127.4852446,37.1545173,2022-7-26,2022-9-24,0.09779,0.1146,0.1716,0.2458,0.2839,0.29961,0.31345,0.3187,0.32667,0.32796,0.47234,0.3382,0.129140833,0.247377197,0.143181497,0.259735935,0.104887859,-0.194225324,,,0.75,75.2,23.6,1.2,0.86 
3,127.4861837,37.1552674,2022-7-26,2022-9-24,0.10179,0.1608,0.2358,0.3188,0.36324,0.37368,0.39127,0.3995,0.39698,0.40067,0.54579,0.40221,0.112348601,0.213553327,0.161325145,0.280041021,0.100531798,-0.154756741,,,0.8,63.8,33.5,2.7,0.87 
4,127.4828685,37.1539711,2022-7-26,2022-9-24,0.09985,0.1252,0.1844,0.2476,0.28937,0.29544,0.31057,0.3229,0.31958,0.32869,0.47211,0.34853,0.131989483,0.232580642,0.151993476,0.263493923,0.107689935,-0.187683174,,,1,77.8,17.6,4.7,1.00 
6,127.489336,37.1402543,2022-7-26,2022-9-24,0.10578,0.1892,0.2626,0.3408,0.34463,0.36161,0.40201,0.4375,0.41611,0.39983,0.52404,0.36068,0.12424515,0.159660485,0.229984018,0.303254493,0.114472022,-0.090001456,,,0.7,68,30.3,1.7,1.07 
7,127.5011897,37.1504977,2022-7-26,2022-9-24,0.0514,0.0602,0.0708,0.0738,0.11019,0.10095,0.11185,0.0881,0.12464,0.12708,0.15787,0.1407,0.088326127,0.219412059,0.031351399,0.105278311,0.034616715,-0.283652478,,,0.65,66.2,32.5,1.4,0.47 
8,127.5006666,37.1508839,2022-7-26,2022-9-24,0.0493,0.0434,0.0484,0.0518,0.06659,0.08232,0.08116,0.0808,0.08287,0.10985,0.129,0.13166,0.218702866,0.18557377,0.061118511,0.130487758,0.073870853,-0.229742612,,,0.6,67.4,32.6,0,0.52 
10,127.5143499,37.14533637,2022-8-27,2022-9-24,0.06106,0.0784,0.1278,0.1936,0.21529,0.23463,0.24423,0.2546,0.24527,0.26085,0.31136,0.21771,0.136099955,0.205212659,0.12599349,0.23222711,0.099415659,-0.100289773,23,37,0.621621622,,,,0.30
11,127.5096228,37.14043306,2022-8-27,2022-9-24,0.11665,0.1356,0.1982,0.26,0.31329,0.33657,0.35283,0.3719,0.36707,0.37001,0.5019,0.3679,0.177084982,0.200409642,0.194092915,0.313445949,0.150762525,-0.148775463,22,42,0.523809524,,,,1.00
12,127.5100907,37.14023002,2022-8-27,2022-9-24,0.10736,0.125,0.1918,0.2526,0.29728,0.34014,0.35604,0.3789,0.37247,0.36878,0.46644,0.33558,0.2,0.175920323,0.207016601,0.329478452,0.170227843,-0.103555966,38,46,0.826086957,,,,1.54
13,127.5115348,37.13953628,2022-8-27,2022-9-24,0.09835,0.15,0.2214,0.2962,0.33032,0.35272,0.36451,0.3801,0.3757,0.38442,0.47977,0.34364,0.124057371,0.188251778,0.164520127,0.282078313,0.108493344,-0.115912871,16,37,0.432432432,,,,0.90
14,127.5135122,37.13302932,2022-8-27,2022-9-24,0.12936,0.201,0.29,0.3696,0.41455,0.42922,0.43952,0.4499,0.44201,0.45228,0.60434,0.38893,0.097986577,0.198813422,0.160187357,0.283453994,0.091918557,-0.146494157,16,40,0.4,,,,1.46
17,127.5366973,37.11976759,2022-8-27,2022-9-24,0.20912,0.2552,0.2984,0.3588,0.39784,0.41616,0.40905,0.4197,0.41722,0.4312,0.56432,0.42956,0.07822736,0.155329721,0.124218788,0.25400948,0.072080564,-0.146968558,12,36,0.333333333,,,,1.01
18,127.5361816,37.12031974,2022-8-27,2022-9-24,0.18973,0.1804,0.24,0.3074,0.34331,0.35629,0.3726,0.3871,0.38472,0.38164,0.55769,0.3872,0.114758819,0.207728659,0.163408073,0.277494679,0.10139118,-0.180558643,20,25,0.8,,,,1.28
19,127.5360454,37.1194835,2022-8-27,2022-9-24,0.13525,0.1676,0.2302,0.299,0.32343,0.34503,0.35646,0.3715,0.3763,0.36999,0.53485,0.37304,0.108128262,0.21468371,0.151144949,0.266279836,0.0942467,-0.180228389,12,39,0.307692308,,,,1.08
24,127.5249595,37.12756278,2022-8-27,2022-9-24,0.0841,0.1196,0.1754,0.2508,0.29313,0.30908,0.32631,0.3383,0.33645,0.33463,0.47838,0.33122,0.148531658,0.228527142,0.166758145,0.280954466,0.122849277,-0.17152373,25,35,0.714285714,,,,1.51
25,127.5239128,37.12716028,2022-8-27,2022-9-24,0.07974,0.1238,0.1846,0.2402,0.28211,0.35896,0.39176,0.3909,0.4017,0.42887,0.43744,0.27659,0.238789415,0.136655652,0.216130476,0.355052633,0.203191011,-0.056184658,18,28,0.642857143,,,,1.26
26,127.524152,37.12687745,2022-8-27,2022-9-24,0.08257,0.1232,0.199,0.27,0.30105,0.30643,0.32863,0.3563,0.35063,0.37403,0.41217,0.27635,0.13779339,0.174464349,0.184420624,0.282087057,0.11688931,-0.072702903,20,30,0.666666667,,,,1.61
27,127.5243353,37.12714944,2022-8-27,2022-9-24,0.08056,0.1152,0.1712,0.232,0.25832,0.28956,0.30146,0.3152,0.31907,0.32422,0.42743,0.2919,0.152046784,0.210152042,0.158468946,0.272076011,0.121831009,-0.151125056,15,30,0.5,,,,1.39
35,127.5239773,37.27107962,2022/10/15,2022-9-24,0.07167,0.078,0.1324,0.2254,0.25954,0.28589,0.30054,0.3026,0.29991,0.30423,0.39123,0.27645,0.146212121,0.236685619,0.145392635,0.262535421,0.115315481,-0.127740225,,,,,,,1.00 
36,127.5231857,37.27036738,2022/10/15,2022-9-24,0.0808,0.1222,0.1882,0.2688,0.30437,0.32665,0.33538,0.3441,0.34764,0.35733,0.44463,0.30408,0.122858541,0.209480135,0.146156832,0.266586781,0.103303295,-0.127458065,,,,,,,0.86 
37,127.5211756,37.26915175,2022/10/15,2022-9-24,0.09719,0.1596,0.237,0.3204,0.36201,0.37263,0.3885,0.3926,0.38578,0.38666,0.52069,0.34459,0.101262272,0.207343769,0.147301245,0.268069222,0.090360736,-0.14025118,,,,,,,0.85 
38,127.5203222,37.26949045,2022/10/15,2022-9-24,0.09395,0.0965,0.1636,0.2684,0.31183,0.32171,0.33553,0.3456,0.34013,0.35049,0.4512,0.30496,0.125732899,0.238874064,0.152827709,0.269249503,0.105798081,-0.13253012,,,,,,,1.08 
39,127.5194183,37.27284545,2022/10/15,2022-9-24,0.11132,0.1324,0.2082,0.2662,0.32944,0.39459,0.41738,0.4257,0.4189,0.417,0.46697,0.33036,0.230524642,0.135579701,0.221929717,0.367971358,0.203380659,-0.04623209,,,,,,,0.88 
40,127.5188569,37.27338611,2022/10/15,2022-9-24,0.13745,0.1918,0.2686,0.354,0.3982,0.4174,0.43001,0.4381,0.43799,0.43152,0.55851,0.36686,0.106173463,0.18322625,0.163300971,0.287651906,0.098430293,-0.120819578,,,,,,,0.69 
41,127.5184789,37.27395303,2022/10/15,2022-9-24,0.11607,0.116,0.182,0.2574,0.30202,0.32194,0.33994,0.3409,0.33505,0.34705,0.44403,0.2962,0.139562093,0.211105643,0.15554678,0.276496395,0.116182403,-0.131387512,,,,,,,0.61 
42,127.5220381,37.26977395,2022/10/15,2022-9-24,0.08548,0.1046,0.1804,0.288,0.33467,0.34832,0.36318,0.365,0.36545,0.37039,0.48983,0.33687,0.117917305,0.247092021,0.148657832,0.271490431,0.101716929,-0.146029035,,,,,,,1.04 
43,127.5227096,37.26934572,2022/10/15,2022-9-24,0.07545,0.083,0.1386,0.221,0.25833,0.27511,0.28819,0.2999,0.29393,0.30096,0.38724,0.27909,0.151468612,0.22735436,0.152545126,0.264157924,0.118736642,-0.127106558,,,,,,,1.04 
44,127.523696,37.26914646,2022/10/15,2022-9-24,0.07327,0.0766,0.1324,0.226,0.25973,0.27824,0.29182,0.3011,0.30226,0.29772,0.37151,0.27384,0.142477708,0.225397607,0.147192562,0.259635387,0.112284368,-0.104681762,,,,,,,0.96 
45,127.5234968,37.26880228,2022/10/15,2022-9-24,0.05095,0.0673,0.1224,0.2166,0.25267,0.26784,0.28887,0.2958,0.29034,0.29259,0.377,0.2567,0.154566745,0.240932372,0.154888371,0.263776219,0.120265419,-0.120689655,,,,,,,1.01 
46,127.5196223,37.26865667,2022/10/15,2022-9-24,0.07916,0.1038,0.1754,0.2648,0.30259,0.32275,0.33806,0.3429,0.34113,0.34047,0.43989,0.30912,0.128517361,0.2240683,0.150958713,0.270027506,0.107682534,-0.123902962,,,,,,,0.91 
47,127.5196544,37.2691177,2022/10/15,2022-9-24,0.08806,0.0961,0.1608,0.257,0.30057,0.31774,0.33113,0.3397,0.34068,0.33147,0.44169,0.3047,0.138595609,0.231725269,0.156790329,0.275336185,0.115248951,-0.13052381,,,,,,,0.92 
48,127.5202443,37.26804501,2022/10/15,2022-9-24,0.06501,0.1007,0.1638,0.2514,0.29013,0.30127,0.31747,0.3365,0.33006,0.33645,0.40107,0.29447,0.144752509,0.197555223,0.169034339,0.277793119,0.119620829,-0.087544233,,,,,,,1.03 
49,127.5189234,37.27063588,2022/10/15,2022-9-24,0.09276,0.1166,0.1808,0.2598,0.29723,0.31453,0.32564,0.3348,0.33875,0.34886,0.44937,0.3357,0.126135217,0.222106379,0.14723435,0.264889818,0.104733033,-0.146103523,,,,,,,0.99 
50,127.5194,37.27098335,2022/10/15,2022-9-24,0.10825,0.1426,0.2126,0.288,0.3265,0.34978,0.3589,0.3733,0.37426,0.3742,0.49921,0.36935,0.128988356,0.208201917,0.162540588,0.283027741,0.111822638,-0.144307802,,,,,,,0.92 
51,127.5200543,37.27125799,2022/10/15,2022-9-24,0.11833,0.1638,0.2414,0.3196,0.36095,0.38389,0.40308,0.4151,0.40405,0.40872,0.52199,0.39138,0.129985028,0.184929144,0.180674113,0.299897931,0.117290789,-0.114065885,,,,,,,0.99 
52,127.520545,37.27174667,2022/10/15,2022-9-24,0.11546,0.1368,0.2206,0.3046,0.35984,0.41168,0.41564,0.4258,0.42131,0.42293,0.4998,0.37832,0.165936473,0.176883687,0.188037583,0.329848354,0.149407459,-0.079948142,,,,,,,1.02 
53,127.5210503,37.27205591,2022/10/15,2022-9-24,0.10632,0.1094,0.1736,0.2522,0.29163,0.32307,0.33719,0.3465,0.34115,0.34887,0.4288,0.30817,0.157507934,0.197994547,0.169188041,0.290179546,0.131158469,-0.106152457,,,,,,,1.06 
54,127.5190066,37.27426701,2022/10/15,2022-9-24,0.12938,0.1782,0.2652,0.34,0.38286,0.39645,0.41158,0.4225,0.41523,0.42132,0.51505,0.33967,0.108196721,0.174720934,0.164841752,0.284407819,0.098958421,-0.098714735,,,,,,,0.75 
55,127.5194053,37.27352122,2022/10/15,2022-9-24,0.14332,0.2106,0.2962,0.374,0.41431,0.42785,0.44502,0.4497,0.44038,0.44416,0.55876,0.36855,0.091902392,0.17102934,0.156172636,0.277245411,0.086362227,-0.108145093,,,,,,,0.83 
56,127.5200012,37.27318118,2022/10/15,2022-9-24,0.1172,0.1384,0.212,0.2744,0.34088,0.41015,0.43478,0.4417,0.44371,0.44105,0.46438,0.31933,0.233626588,0.120314206,0.226742925,0.377085823,0.208814264,-0.025030902,,,,,,,0.76 
57,127.5206332,37.272799,2022/10/15,2022-9-24,0.15764,0.1826,0.259,0.3116,0.37639,0.43799,0.45765,0.4655,0.46184,0.46585,0.52498,0.37327,0.19804401,0.126949915,0.219051035,0.366718699,0.182365945,-0.060051692,,,,,,,0.79 
58,127.4971552,37.20933846,2022/10/15,2022-9-24,0.12359,0.1678,0.2332,0.3064,0.34149,0.35562,0.37651,0.388,0.39086,0.40653,0.49657,0.35901,0.117511521,0.181907166,0.166704802,0.280033716,0.103817534,-0.122737601,,,,,,,0.70 
59,127.4966019,37.20942849,2022/10/15,2022-9-24,0.11326,0.126,0.1834,0.253,0.28941,0.303,0.32009,0.3351,0.33997,0.35686,0.46158,0.33987,0.139602108,0.215602885,0.163467665,0.273913053,0.115381163,-0.158758849,,,,,,,1.70 
60,127.4966078,37.21005697,2022/10/15,2022-9-24,0.11516,0.182,0.2526,0.3324,0.3695,0.36382,0.37721,0.4098,0.40241,0.39473,0.50638,0.36517,0.104284559,0.172643264,0.175953879,0.276657903,0.094451547,-0.105415966,,,,,,,0.70 
61,127.4963338,37.21014277,2022/10/15,2022-9-24,0.11825,0.1382,0.2106,0.2984,0.33842,0.35566,0.37008,0.3803,0.37823,0.38253,0.50524,0.37101,0.120671873,0.215665512,0.160429693,0.279576031,0.105677419,-0.141089053,,,,,,,0.93 
62,127.4963364,37.21040069,2022/10/15,2022-9-24,0.13027,0.1954,0.2866,0.372,0.4109,0.41754,0.43138,0.4463,0.43711,0.44457,0.56925,0.41679,0.090797996,0.189235289,0.159917007,0.27512187,0.085132312,-0.121067402,,,,,,,0.72 
63,127.4973999,37.2087994,2022/10/15,2022-9-24,0.13431,0.1566,0.2328,0.32,0.36198,0.37203,0.38489,0.4055,0.40082,0.39886,0.5454,0.36891,0.117849759,0.212469352,0.172702152,0.28674023,0.105846554,-0.147123777,,,,,,,0.72 
64,127.4966225,37.20879786,2022/10/15,2022-9-24,0.14489,0.211,0.2946,0.3876,0.40948,0.42645,0.44169,0.4632,0.44461,0.45632,0.59356,0.4072,0.088857546,0.185433984,0.16952193,0.277827465,0.084420394,-0.123358189,,,,,,,0.47 
65,127.4969555,37.20814686,2022/10/15,2022-9-24,0.16631,0.221,0.309,0.392,0.43291,0.45248,0.45965,0.4699,0.45706,0.46989,0.60409,0.41102,0.090381715,0.180908008,0.156453349,0.28128646,0.086240174,-0.124945297,,,,,,,0.47 
66,127.497328,37.20793023,2022/10/15,2022-9-24,0.16497,0.232,0.3244,0.4072,0.4514,0.46499,0.47658,0.488,0.48193,0.48186,0.61777,0.42758,0.09025916,0.174770913,0.16504077,0.285921267,0.087199516,-0.117357136,,,,,,,0.45 
67,127.4978908,37.20771431,2022/10/15,2022-9-24,0.17694,0.221,0.3066,0.3948,0.44132,0.45321,0.47266,0.4711,0.46436,0.47963,0.60825,0.41877,0.088116411,0.183435094,0.155162036,0.27915507,0.084207744,-0.127067216,,,,,,,0.37 
68,127.4966595,37.21056977,2022/10/15,2022-9-24,0.13836,0.1844,0.2756,0.3624,0.40611,0.42078,0.42736,0.4484,0.44761,0.43418,0.59057,0.4105,0.106068081,0.201901915,0.171303821,0.290784188,0.099134646,-0.136837445,,,,,,,0.95 
69,127.4965835,37.21102923,2022/10/15,2022-9-24,0.13003,0.2002,0.2856,0.3788,0.42489,0.43661,0.44901,0.4577,0.44543,0.4667,0.58067,0.40776,0.094321578,0.186457026,0.15954091,0.282030745,0.089101779,-0.118425995,,,,,,,0.85 
70,127.5006381,37.20846586,2022/10/15,2022-9-24,0.11567,0.2058,0.2876,0.3672,0.41468,0.42814,0.44593,0.4573,0.44713,0.4564,0.56835,0.38709,0.109278351,0.170425046,0.177063845,0.296526939,0.10272479,-0.108272803,,,,,,,0.10 
71,127.5003625,37.20828631,2022/10/15,2022-9-24,0.1109,0.1184,0.1804,0.2752,0.31959,0.33773,0.3562,0.3641,0.35715,0.36425,0.47061,0.33389,0.139058345,0.214367708,0.1675487,0.286272881,0.118944252,-0.127601203,,,,,,,0.44 
72,127.5000275,37.20811586,2022/10/15,2022-9-24,0.10241,0.1294,0.1932,0.2846,0.33903,0.35123,0.36442,0.3704,0.38514,0.38793,0.4787,0.33273,0.130992366,0.208613728,0.159683759,0.283292929,0.11313241,-0.127546814,,,,,,,0.50 
73,127.4986231,37.20938549,2022/10/15,2022-9-24,0.11653,0.182,0.2598,0.3504,0.39721,0.41484,0.42799,0.4392,0.42792,0.44588,0.5212,0.36231,0.112462006,0.167738478,0.17073771,0.293702136,0.104144547,-0.085381091,,,,,,,0.21 
74,127.499403,37.20872577,2022/10/15,2022-9-24,0.1179,0.1422,0.2154,0.3046,0.35445,0.37403,0.38138,0.3918,0.39006,0.40645,0.49643,0.34815,0.125215393,0.200017977,0.161304644,0.287478388,0.110744931,-0.117796066,,,,,,,0.46 
75,127.4992095,37.20841631,2022/10/15,2022-9-24,0.12314,0.2154,0.2974,0.394,0.44132,0.45425,0.46803,0.4782,0.47345,0.46921,0.58358,0.40215,0.096537491,0.169927835,0.168575318,0.290044585,0.092476234,-0.099248432,,,,,,,0.15 
76,127.492623,37.19835777,2022/10/15,2022-9-24,0.09492,0.1056,0.1628,0.2326,0.26052,0.28625,0.30038,0.3123,0.31159,0.32974,0.41691,0.30651,0.14626537,0.216983165,0.155022174,0.26731133,0.116981807,-0.143456617,,,,,,,0.74 
77,127.4923922,37.19881469,2022/10/15,2022-9-24,0.10158,0.132,0.1944,0.272,0.31543,0.34661,0.36325,0.3724,0.37452,0.38172,0.49709,0.37068,0.155803849,0.207846155,0.177754486,0.300809528,0.133691906,-0.143405905,,,,,,,0.73 
78,127.4929809,37.19876169,2022/10/15,2022-9-24,0.10783,0.1338,0.2006,0.283,0.3218,0.34076,0.36283,0.3672,0.36975,0.37554,0.4958,0.36871,0.129498616,0.217065166,0.163271954,0.280916969,0.111516973,-0.149015064,,,,,,,0.04 
79,127.4934023,37.19898994,2022/10/15,2022-9-24,0.10322,0.1564,0.2336,0.3156,0.35406,0.37197,0.39261,0.4,0.39891,0.4068,0.52109,0.38352,0.117942985,0.20120021,0.166822157,0.284820217,0.105389297,-0.131463809,,,,,,,0.32 
80,127.4937298,37.19930977,2022/10/15,2022-9-24,0.09612,0.1424,0.2066,0.2858,0.32378,0.35331,0.37469,0.3726,0.37138,0.3711,0.49334,0.35544,0.131834751,0.204104656,0.160864666,0.284791796,0.114092784,-0.139432293,,,,,,,0.62 
81,127.4945285,37.19922477,2022/10/15,2022-9-24,0.10498,0.1656,0.2392,0.3164,0.3378,0.38689,0.39319,0.4151,0.41061,0.42175,0.49884,0.38639,0.13492823,0.168015817,0.180976061,0.303685447,0.121555498,-0.091625271,,,,,,,0.38 
82,127.4952055,37.19881011,2022/10/15,2022-9-24,0.12281,0.162,0.2316,0.3066,0.34452,0.36698,0.38377,0.3947,0.39297,0.40521,0.53612,0.40831,0.125623841,0.204384674,0.169804484,0.288896507,0.111402462,-0.151930556,,,,,,,0.58 
83,127.4958015,37.19808189,2022/10/15,2022-9-24,0.13589,0.1796,0.2566,0.338,0.37946,0.39867,0.40915,0.4284,0.41821,0.42506,0.5664,0.41154,0.117954071,0.195979899,0.175818021,0.294866404,0.108080375,-0.138721351,,,,,,,0.23 
84,127.4955048,37.19754543,2022/10/15,2022-9-24,0.12321,0.1666,0.2444,0.3336,0.37342,0.40035,0.41314,0.4185,0.41902,0.42358,0.55341,0.39262,0.112883925,0.205086576,0.160966176,0.287152574,0.102734684,-0.138809149,,,,,,,0.18 
85,127.4946166,37.19732311,2022/10/15,2022-9-24,0.12302,0.159,0.2258,0.2986,0.34403,0.35867,0.37455,0.3908,0.39917,0.40552,0.51718,0.41156,0.133739484,0.194774382,0.176856029,0.293461013,0.117828531,-0.139188088,,,,,,,0.68 
86,127.4941847,37.19765634,2022/10/15,2022-9-24,0.10742,0.1658,0.232,0.3054,0.34848,0.36576,0.37431,0.3939,0.39637,0.40564,0.52468,0.36766,0.126555127,0.194548778,0.170459798,0.289304159,0.112106804,-0.142371922,,,,,,,0.21 
87,127.493451,37.19752011,2022/10/15,2022-9-24,0.07608,0.1292,0.1866,0.2494,0.28456,0.31825,0.33793,0.3495,0.3519,0.36,0.44312,0.33802,0.167139756,0.182561773,0.180230465,0.297232713,0.139198364,-0.118114607,,,,,,,0.87 
88,127.3692737,37.22355058,2022/10/16,2022-9-24,0.05768,0.0852,0.131,0.1856,0.21755,0.22965,0.24444,0.2537,0.25944,0.26886,0.34839,0.28713,0.155019349,0.223498952,0.137342691,0.241417333,0.112125908,-0.157268847,,,,,,,2.61 
89,127.3691897,37.22400529,2022/10/16,2022-9-24,0.06741,0.0787,0.1206,0.174,0.19941,0.2204,0.23558,0.2509,0.26591,0.26213,0.32718,0.27133,0.180983761,0.206528804,0.151580856,0.251653138,0.128752726,-0.131954055,,,,,,,2.37 
90,127.3686767,37.22373658,2022/10/16,2022-9-24,0.05896,0.0808,0.1236,0.1766,0.20539,0.21584,0.23405,0.2476,0.26028,0.26156,0.32294,0.27149,0.16737388,0.2067058,0.145713957,0.243709963,0.118972072,-0.132050338,,,,,,,3.68 
91,127.368929,37.22405871,2022/10/16,2022-9-24,0.08087,0.0864,0.1264,0.1792,0.20686,0.22675,0.24048,0.2555,0.26817,0.26551,0.33107,0.27615,0.175523349,0.197577948,0.149960692,0.251990555,0.126296975,-0.128833728,,,,,,,3.22 
92,127.3680074,37.22394158,2022/10/16,2022-9-24,0.07965,0.089,0.1344,0.1848,0.2138,0.22546,0.23854,0.2597,0.25921,0.26671,0.33576,0.28383,0.168503937,0.197708396,0.152675179,0.251230664,0.122587049,-0.127733181,,,,,,,3.30 
93,127.3677431,37.22464125,2022/10/16,2022-9-24,0.09386,0.0866,0.1304,0.1842,0.20042,0.20899,0.2265,0.2578,0.25145,0.25846,0.28093,0.21843,0.166515837,0.149135918,0.162797282,0.249219188,0.120805517,-0.042934308,,,,,,,2.51 
1,127.4844862,37.1540762,2022-7-26,2022-10-19,0.05894,0.0667,0.102,0.1478,0.18461,0.21207,0.23339,0.2519,0.23059,0.24656,0.31123,0.21316,0.260445334,0.180587169,0.183815739,0.281669707,0.179599855,-0.105357555,,,0.7,68,30.5,1.6,0.71 
2,127.4852446,37.1545173,2022-7-26,2022-10-19,0.05258,0.0855,0.1366,0.1938,0.22273,0.23803,0.25288,0.2691,0.2641,0.26057,0.35105,0.25889,0.162670123,0.21151815,0.151353133,0.253737013,0.120696374,-0.132145449,,,0.75,75.2,23.6,1.2,0.86 
3,127.4861837,37.1552674,2022-7-26,2022-10-19,0.0493,0.101,0.1578,0.231,0.26133,0.26904,0.2888,0.3099,0.29607,0.30384,0.40477,0.29619,0.145867998,0.214843265,0.16552818,0.265914267,0.116285685,-0.132746582,,,0.8,63.8,33.5,2.7,0.87 
4,127.4828685,37.1539711,2022-7-26,2022-10-19,0.07128,0.1126,0.1674,0.222,0.24497,0.25884,0.27248,0.2938,0.27538,0.27113,0.37841,0.28642,0.139201241,0.192697728,0.151881811,0.254127664,0.108635728,-0.125868404,,,1,77.8,17.6,4.7,1.00 
6,127.489336,37.1402543,2022-7-26,2022-10-19,0.0812,0.1554,0.2098,0.282,0.29055,0.31577,0.33205,0.3758,0.35122,0.33969,0.48003,0.34555,0.142596534,0.178491065,0.202956501,0.293603584,0.123361945,-0.121788206,,,0.7,68,30.3,1.7,1.07 
7,127.5011897,37.1504977,2022-7-26,2022-10-19,0.12579,0.0457,0.0457,0.0487,0.06418,0.0722,0.07119,0.0633,0.07332,0.18823,0.13407,0.11109,0.130357143,0.252836138,0.032265193,0.095798348,0.038608889,-0.358565131,,,0.65,66.2,32.5,1.4,0.47 
8,127.5006666,37.1508839,2022-7-26,2022-10-19,0.09217,0.0481,0.054,0.0552,0.05936,0.05942,0.05603,0.0651,0.06992,0.19666,0.10012,0.11444,0.082294264,0.156859824,0.024562831,0.084758909,0.025783695,-0.211959811,,,0.6,67.4,32.6,0,0.52 
11,127.5096228,37.14043306,2022-8-27,2022-10-19,0.10613,0.14,0.2048,0.2502,0.3217,0.35088,0.36363,0.3907,0.37637,0.38038,0.44126,0.33266,0.219222968,0.131537606,0.216890607,0.345266989,0.187701375,-0.060772153,22,42,0.523809524,,,,1.00
12,127.5100907,37.14023002,2022-8-27,2022-10-19,0.10708,0.134,0.1936,0.2556,0.30162,0.33323,0.3378,0.3643,0.35611,0.3645,0.43193,0.32331,0.175350863,0.159575993,0.187843891,0.308909805,0.148128257,-0.084937769,38,46,0.826086957,,,,1.54
13,127.5115348,37.13953628,2022-8-27,2022-10-19,0.06795,0.107,0.1562,0.2198,0.241,0.26041,0.2707,0.303,0.28463,0.28242,0.36509,0.26235,0.159143076,0.175788278,0.170917697,0.26993382,0.124957509,-0.09293658,16,37,0.432432432,,,,0.90
14,127.5135122,37.13302932,2022-8-27,2022-10-19,0.07163,0.1272,0.1906,0.261,0.28279,0.29961,0.30835,0.334,0.31158,0.31691,0.43716,0.27937,0.122689076,0.204388628,0.155430265,0.262162914,0.101900293,-0.133772499,16,40,0.4,,,,1.46
17,127.5366973,37.11976759,2022-8-27,2022-10-19,0.18405,0.2206,0.2822,0.3344,0.36547,0.38023,0.37643,0.41,0.38548,0.41182,0.52532,0.43088,0.101558302,0.153738794,0.159712011,0.274266642,0.092081883,-0.123294701,12,36,0.333333333,,,,1.01
18,127.5361816,37.12031974,2022-8-27,2022-10-19,0.17233,0.1238,0.186,0.2596,0.28234,0.29716,0.30293,0.3401,0.32476,0.34892,0.46655,0.31678,0.134233784,0.220368892,0.171122222,0.272660969,0.1118556,-0.156759437,20,25,0.8,,,,1.28
19,127.5360454,37.1194835,2022-8-27,2022-10-19,0.08364,0.1412,0.1962,0.2832,0.29099,0.30908,0.31793,0.3633,0.32725,0.33439,0.44797,0.3109,0.123897912,0.183438944,0.183080693,0.27527407,0.106452117,-0.104367227,12,39,0.307692308,,,,1.08
24,127.5249595,37.12756278,2022-8-27,2022-10-19,0.07291,0.118,0.1748,0.2524,0.2721,0.2842,0.30307,0.3279,0.30474,0.31029,0.41431,0.31093,0.130105118,0.198461276,0.165555653,0.26451637,0.10692651,-0.116422576,25,35,0.714285714,,,,1.51
25,127.5239128,37.12716028,2022-8-27,2022-10-19,0.06372,0.1172,0.1758,0.2536,0.28398,0.30383,0.31267,0.3397,0.32177,0.33294,0.40518,0.27822,0.145120512,0.180947942,0.170741187,0.279483888,0.120386566,-0.087906777,18,28,0.642857143,,,,1.26
26,127.524152,37.12687745,2022-8-27,2022-10-19,0.06255,0.113,0.1658,0.2416,0.26056,0.27162,0.28298,0.3107,0.29515,0.28904,0.35781,0.23453,0.125113163,0.171741064,0.153090161,0.253457925,0.100657758,-0.07047015,20,30,0.666666667,,,,1.61
27,127.5243353,37.12714944,2022-8-27,2022-10-19,0.06457,0.0912,0.14,0.1956,0.21227,0.22274,0.23798,0.2546,0.24785,0.2452,0.32716,0.22246,0.131052865,0.203739523,0.131223088,0.229470832,0.095937144,-0.124724972,15,30,0.5,,,,1.39
35,127.5239773,37.27107962,2022/10/15,2022-10-19,0.07445,0.0947,0.1548,0.2526,0.29614,0.30941,0.32195,0.3443,0.32599,0.33165,0.42038,0.32021,0.153627073,0.210417454,0.175501049,0.286826859,0.127766221,-0.099492598,,,,,,,1.00 
36,127.5231857,37.27036738,2022/10/15,2022-10-19,0.07707,0.1184,0.1786,0.2436,0.29239,0.31125,0.3273,0.3471,0.32998,0.34458,0.40688,0.2908,0.175215846,0.165755659,0.186473047,0.30064143,0.145084912,-0.079285923,,,,,,,0.86 
37,127.5211756,37.26915175,2022/10/15,2022-10-19,0.09118,0.1714,0.2418,0.3038,0.34767,0.35976,0.37377,0.3971,0.3837,0.37917,0.47498,0.35162,0.133114567,0.15607743,0.182631777,0.295464415,0.118019665,-0.089303734,,,,,,,0.85 
38,127.5203222,37.26949045,2022/10/15,2022-10-19,0.09105,0.1136,0.1844,0.2798,0.32217,0.34167,0.35332,0.3686,0.35578,0.35961,0.45349,0.32874,0.136952498,0.206575126,0.16816653,0.286730442,0.11780602,-0.1032612,,,,,,,1.08 
39,127.5194183,37.27284545,2022/10/15,2022-10-19,0.08886,0.1266,0.189,0.2508,0.29612,0.33459,0.35011,0.3804,0.36001,0.36813,0.43059,0.31513,0.205323194,0.146744756,0.215005242,0.333028263,0.174725076,-0.061887323,,,,,,,0.88 
40,127.5188569,37.27338611,2022/10/15,2022-10-19,0.09683,0.1372,0.1988,0.2488,0.2995,0.32718,0.34204,0.3612,0.34922,0.35273,0.40754,0.27248,0.184262295,0.136775378,0.192692761,0.312432745,0.154631214,-0.060280459,,,,,,,0.69 
41,127.5184789,37.27395303,2022/10/15,2022-10-19,0.09683,0.141,0.2082,0.2856,0.32926,0.35484,0.35746,0.3817,0.37438,0.37736,0.45025,0.32715,0.144013187,0.169361567,0.175526397,0.297026819,0.125290605,-0.082396779,,,,,,,0.61 
42,127.5220381,37.26977395,2022/10/15,2022-10-19,0.0849,0.1204,0.1986,0.291,0.33742,0.35525,0.37096,0.3972,0.37255,0.37545,0.46299,0.34282,0.154315606,0.185901116,0.19722181,0.310403539,0.135865974,-0.076483103,,,,,,,1.04 
43,127.5227096,37.26934572,2022/10/15,2022-10-19,0.07891,0.0942,0.1498,0.232,0.2664,0.28087,0.2953,0.3153,0.30117,0.30779,0.39832,0.30636,0.152201718,0.212363678,0.165209596,0.272213754,0.121964934,-0.116336426,,,,,,,1.04 
44,127.523696,37.26914646,2022/10/15,2022-10-19,0.08012,0.0943,0.1616,0.2632,0.30225,0.32039,0.33285,0.3453,0.3334,0.34181,0.4139,0.32639,0.134921939,0.212680219,0.158660833,0.275399481,0.113110275,-0.090358272,,,,,,,0.96 
45,127.5234968,37.26880228,2022/10/15,2022-10-19,0.05656,0.0882,0.1452,0.2408,0.27921,0.29123,0.30761,0.322,0.30909,0.30711,0.39689,0.29194,0.144278607,0.217093397,0.16068008,0.270763031,0.117030279,-0.104174491,,,,,,,1.01 
46,127.5196223,37.26865667,2022/10/15,2022-10-19,0.09273,0.1522,0.2348,0.318,0.36189,0.37946,0.3928,0.4232,0.39866,0.40167,0.50645,0.38614,0.141932002,0.177911919,0.200006084,0.311971742,0.128485802,-0.089549831,,,,,,,0.91 
47,127.5196544,37.2691177,2022/10/15,2022-10-19,0.09554,0.1114,0.1786,0.2732,0.31728,0.33013,0.35221,0.364,0.35533,0.34947,0.45481,0.35139,0.142498431,0.209911834,0.175184059,0.288536472,0.121725873,-0.11090485,,,,,,,0.92 
48,127.5202443,37.26804501,2022/10/15,2022-10-19,0.06473,0.1272,0.1988,0.278,0.31662,0.33867,0.3531,0.3708,0.35331,0.343,0.4401,0.35051,0.143033292,0.180988406,0.176048322,0.291793065,0.123066865,-0.085460599,,,,,,,1.03 
49,127.5189234,37.27063588,2022/10/15,2022-10-19,0.09444,0.1606,0.24,0.3144,0.3577,0.37221,0.38936,0.4249,0.39659,0.40334,0.51244,0.41221,0.149465711,0.170879533,0.212473849,0.318107034,0.135178617,-0.093391939,,,,,,,0.99 
50,127.5194,37.27098335,2022/10/15,2022-10-19,0.09938,0.1302,0.1774,0.2492,0.32432,0.33762,0.36584,0.3727,0.37211,0.36528,0.48508,0.36652,0.198584982,0.187022099,0.201873913,0.325724334,0.167975998,-0.131012614,,,,,,,0.92 
51,127.5200543,37.27125799,2022/10/15,2022-10-19,0.10277,0.1388,0.206,0.2598,0.32302,0.35356,0.36465,0.3897,0.38154,0.38705,0.44139,0.35269,0.2,0.140433768,0.207832019,0.334628463,0.172155174,-0.06219543,,,,,,,0.99 
52,127.520545,37.27174667,2022/10/15,2022-10-19,0.08779,0.122,0.1922,0.2592,0.31703,0.34573,0.36119,0.389,0.37076,0.37463,0.44663,0.34473,0.200246837,0.160112752,0.213573958,0.334432459,0.17223044,-0.06896593,,,,,,,1.02 
53,127.5210503,37.27205591,2022/10/15,2022-10-19,0.09155,0.1112,0.1736,0.2376,0.28228,0.31012,0.33427,0.3595,0.34064,0.33815,0.41134,0.29452,0.204153408,0.159194027,0.211893869,0.32207857,0.169810945,-0.06725131,,,,,,,1.06 
54,127.5190066,37.27426701,2022/10/15,2022-10-19,0.09521,0.1268,0.1842,0.2192,0.28233,0.32336,0.33955,0.3651,0.35054,0.35497,0.39477,0.26572,0.249700496,0.11038368,0.21956226,0.346472665,0.205813692,-0.039046153,,,,,,,0.75 
55,127.5194053,37.27352122,2022/10/15,2022-10-19,0.11039,0.1648,0.2228,0.2718,0.3256,0.34515,0.35419,0.3805,0.36868,0.36748,0.42371,0.28461,0.166641116,0.121058019,0.192334914,0.3111322,0.143685643,-0.053729747,,,,,,,0.83 
56,127.5200012,37.27318118,2022/10/15,2022-10-19,0.09084,0.111,0.1642,0.2056,0.27505,0.31757,0.33233,0.3659,0.35509,0.35168,0.38448,0.26968,0.280489939,0.10607509,0.231738487,0.359841893,0.229022911,-0.024760788,,,,,,,0.76 
60,127.4966078,37.21005697,2022/10/15,2022-10-19,0.07174,0.099,0.1488,0.2164,0.23964,0.25178,0.27872,0.2811,0.26703,0.2893,0.39389,0.29154,0.130050251,0.232423591,0.13839217,0.242448695,0.099828849,-0.167098772,,,,,,,0.70 
61,127.4963338,37.21014277,2022/10/15,2022-10-19,0.07571,0.103,0.1484,0.2142,0.23202,0.24035,0.25314,0.2773,0.27527,0.28467,0.38704,0.28308,0.128382503,0.225095258,0.141746788,0.239568888,0.097995432,-0.165186501,,,,,,,0.93 
62,127.4963364,37.21040069,2022/10/15,2022-10-19,0.0852,0.1514,0.2092,0.2818,0.30201,0.31085,0.3259,0.3532,0.33615,0.34105,0.46201,0.33401,0.112440945,0.19161173,0.161567705,0.262616153,0.095916463,-0.13347481,,,,,,,0.72 
63,127.4973999,37.2087994,2022/10/15,2022-10-19,0.1004,0.1252,0.178,0.2482,0.27298,0.2827,0.29039,0.3146,0.29951,0.30308,0.43493,0.30916,0.117981521,0.216692047,0.144435743,0.250424245,0.095699637,-0.160540605,,,,,,,0.72 
64,127.4966225,37.20879786,2022/10/15,2022-10-19,0.09504,0.1506,0.2106,0.285,0.31508,0.31808,0.32961,0.3532,0.33628,0.34443,0.46916,0.32404,0.106863052,0.199020637,0.151666103,0.258248042,0.091342712,-0.141008804,,,,,,,0.47 
65,127.4969555,37.20814686,2022/10/15,2022-10-19,0.09083,0.1346,0.1958,0.2734,0.30203,0.31465,0.32853,0.3517,0.33527,0.33675,0.47018,0.30731,0.125259958,0.209191141,0.164620301,0.271483334,0.106174532,-0.144157298,,,,,,,0.47 
66,127.497328,37.20793023,2022/10/15,2022-10-19,0.0891,0.135,0.1974,0.272,0.29743,0.31098,0.3224,0.3463,0.32318,0.33227,0.4551,0.304,0.120168203,0.203409467,0.158465423,0.265577265,0.101405333,-0.135762416,,,,,,,0.45 
67,127.4978908,37.20771431,2022/10/15,2022-10-19,0.09603,0.1306,0.1914,0.2604,0.28873,0.29807,0.30887,0.3326,0.31564,0.3198,0.43209,0.28809,0.121753794,0.198400955,0.154535025,0.26090683,0.100980999,-0.13010501,,,,,,,0.37 
68,127.4966595,37.21056977,2022/10/15,2022-10-19,0.08508,0.1362,0.1946,0.2766,0.29265,0.31285,0.31563,0.3461,0.3296,0.32834,0.45754,0.32847,0.111610727,0.207030351,0.151257944,0.259132352,0.094457029,-0.138669056,,,,,,,0.95 
69,127.4965835,37.21102923,2022/10/15,2022-10-19,0.08041,0.1434,0.2126,0.2908,0.32041,0.32391,0.33552,0.3631,0.3409,0.36643,0.48222,0.34548,0.110567365,0.208296861,0.16058673,0.265039797,0.095428783,-0.140917049,,,,,,,0.85 
70,127.5006381,37.20846586,2022/10/15,2022-10-19,0.0925,0.1634,0.2206,0.2574,0.31512,0.33816,0.3465,0.3733,0.36092,0.35974,0.41549,0.30015,0.183764072,0.11259187,0.196873131,0.317906048,0.156328705,-0.053486986,,,,,,,0.10 
71,127.5003625,37.20828631,2022/10/15,2022-10-19,0.09046,0.1094,0.1742,0.2596,0.30001,0.31637,0.33013,0.3516,0.33247,0.34128,0.42153,0.30886,0.15052356,0.192736379,0.176540121,0.288248928,0.126420323,-0.090450506,,,,,,,0.44 
72,127.5000275,37.20811586,2022/10/15,2022-10-19,0.08792,0.1084,0.17,0.243,0.29068,0.31101,0.32787,0.34,0.32694,0.33869,0.41057,0.29593,0.166380789,0.186184742,0.175272485,0.292268612,0.137008902,-0.094021877,,,,,,,0.50 
73,127.4986231,37.20938549,2022/10/15,2022-10-19,0.10093,0.1686,0.2242,0.2654,0.32504,0.34026,0.35353,0.3829,0.36676,0.37739,0.43118,0.31341,0.181243252,0.116242549,0.204852297,0.320916011,0.155895197,-0.059306211,,,,,,,0.21 
74,127.499403,37.20872577,2022/10/15,2022-10-19,0.0986,0.1512,0.2124,0.2718,0.32275,0.34147,0.35447,0.3823,0.36893,0.38244,0.44355,0.32932,0.168934414,0.145613965,0.198367107,0.313332721,0.145822013,-0.074166011,,,,,,,0.46 
75,127.4992095,37.20841631,2022/10/15,2022-10-19,0.09569,0.162,0.2218,0.2752,0.33885,0.35387,0.37042,0.3937,0.37801,0.36833,0.4483,0.32021,0.177156526,0.131175735,0.203899733,0.323370687,0.154269304,-0.064845606,,,,,,,0.15 
76,127.492623,37.19835777,2022/10/15,2022-10-19,0.10483,0.1486,0.206,0.2678,0.30188,0.31917,0.33681,0.3727,0.34378,0.35752,0.44958,0.36155,0.163778298,0.158297543,0.205007739,0.305906146,0.140193917,-0.093496133,,,,,,,0.74 
77,127.4923922,37.19881469,2022/10/15,2022-10-19,0.09369,0.1514,0.2246,0.2966,0.34848,0.37227,0.39741,0.4304,0.41073,0.40277,0.5073,0.40175,0.184044017,0.160280003,0.232369123,0.343434231,0.165425455,-0.082009171,,,,,,,0.73 
78,127.4929809,37.19876169,2022/10/15,2022-10-19,0.11154,0.1592,0.2258,0.2888,0.31664,0.33333,0.35838,0.3949,0.36793,0.37661,0.48613,0.39198,0.155185023,0.166158777,0.21584695,0.31002598,0.136287488,-0.103549255,,,,,,,0.04 
79,127.4934023,37.19898994,2022/10/15,2022-10-19,0.10493,0.175,0.2328,0.2874,0.3292,0.34486,0.35026,0.3873,0.37065,0.38686,0.47127,0.38192,0.148065807,0.148655912,0.191973619,0.302101537,0.129370817,-0.097802159,,,,,,,0.32 
80,127.4937298,37.19930977,2022/10/15,2022-10-19,0.07984,0.1252,0.1684,0.2142,0.26785,0.29059,0.29137,0.32,0.31294,0.34063,0.4011,0.31705,0.198053164,0.16039604,0.181532422,0.298526272,0.157017668,-0.112467064,,,,,,,0.62 
81,127.4945285,37.19922477,2022/10/15,2022-10-19,0.09513,0.1776,0.2522,0.3136,0.35073,0.37555,0.40586,0.4416,0.41878,0.42856,0.53387,0.40813,0.169491525,0.155638283,0.238290267,0.338536451,0.154482759,-0.0945903,,,,,,,0.38 
82,127.4952055,37.19881011,2022/10/15,2022-10-19,0.11555,0.1722,0.2358,0.2966,0.35031,0.3738,0.38476,0.4202,0.40346,0.40574,0.50744,0.40914,0.172433036,0.151556816,0.214807091,0.331812157,0.154176101,-0.094045104,,,,,,,0.58 
83,127.4958015,37.19808189,2022/10/15,2022-10-19,0.13578,0.1828,0.2598,0.31,0.35956,0.38578,0.39405,0.4301,0.40768,0.4025,0.51737,0.40499,0.162275368,0.148909579,0.211476426,0.329094416,0.146822019,-0.092108457,,,,,,,0.23 
84,127.4955048,37.19754543,2022/10/15,2022-10-19,0.13907,0.1938,0.2718,0.3356,0.39306,0.40736,0.42486,0.4508,0.43863,0.45149,0.56471,0.44806,0.146490336,0.165517732,0.209004616,0.325553226,0.135462451,-0.11217024,,,,,,,0.18 
85,127.4946166,37.19732311,2022/10/15,2022-10-19,0.1175,0.1642,0.2166,0.2934,0.33057,0.34763,0.3681,0.3956,0.38867,0.39071,0.48712,0.39757,0.148330914,0.164677092,0.199472238,0.305698708,0.130654969,-0.103679536,,,,,,,0.68 
86,127.4941847,37.19765634,2022/10/15,2022-10-19,0.09011,0.1742,0.2468,0.2942,0.35092,0.37047,0.3814,0.4144,0.39272,0.40956,0.49285,0.37952,0.169630257,0.144259078,0.210034109,0.32759351,0.151016717,-0.086470102,,,,,,,0.21 
87,127.493451,37.19752011,2022/10/15,2022-10-19,0.07428,0.1532,0.217,0.2728,0.31578,0.34839,0.36619,0.4028,0.38955,0.39076,0.47259,0.36136,0.192421551,0.145529011,0.224580897,0.336430655,0.168213121,-0.079724466,,,,,,,0.87 
88,127.3692737,37.22355058,2022/10/16,2022-10-19,0.05051,0.0828,0.1246,0.1742,0.19888,0.20784,0.22538,0.2392,0.22961,0.23634,0.29661,0.25918,0.157232704,0.187699449,0.137742214,0.234162028,0.11031614,-0.10714619,,,,,,,2.61 
89,127.3691897,37.22400529,2022/10/16,2022-10-19,0.06263,0.0821,0.1262,0.1746,0.18745,0.20307,0.21899,0.2426,0.23437,0.2384,0.29333,0.25849,0.162991371,0.180702219,0.147630957,0.23879289,0.114888784,-0.094657884,,,,,,,2.37 
90,127.3686767,37.22373658,2022/10/16,2022-10-19,0.05716,0.0768,0.1136,0.1584,0.18484,0.20604,0.2072,0.2219,0.23593,0.23334,0.29565,0.25932,0.166973442,0.206376619,0.124986222,0.22804064,0.112183595,-0.142498309,,,,,,,3.68 
91,127.368929,37.22405871,2022/10/16,2022-10-19,0.06718,0.0752,0.1108,0.1456,0.17502,0.18552,0.2076,0.221,0.21067,0.21801,0.27881,0.2343,0.205673759,0.177918708,0.151756674,0.242367818,0.13550365,-0.115663952,,,,,,,3.22 
92,127.3680074,37.22394158,2022/10/16,2022-10-19,0.07433,0.0766,0.1146,0.1504,0.17935,0.19416,0.20502,0.225,0.22592,0.23394,0.28406,0.24759,0.198721364,0.18050159,0.147785984,0.242500115,0.132597461,-0.116017758,,,,,,,3.30 
93,127.3677431,37.22464125,2022/10/16,2022-10-19,0.09607,0.0836,0.1152,0.156,0.15445,0.21179,0.21498,0.2445,0.23714,0.23246,0.24862,0.22415,0.220973783,0.104432798,0.164468794,0.263342847,0.152538322,-0.008354964,,,,,,,2.51 
2,127.4852446,37.1545173,2022-7-26,2022-10-24,0.04544,0.0445,0.0608,0.0711,0.0748,0.07697,0.08042,0.0838,0.08283,0.05636,0.08973,0.05457,0.08198838,0.112509944,0.031362051,0.099618248,0.031112712,-0.034172766,,,0.75,75.2,23.6,1.2,0.86 
7,127.5011897,37.1504977,2022-7-26,2022-10-24,0.19783,0.0871,0.0894,0.091,0.09468,0.10913,0.10251,0.1031,0.11801,0.11766,0.1735,0.1411,0.062339001,0.163404442,0.028129591,0.104280388,0.027774956,-0.254519161,,,0.65,66.2,32.5,1.4,0.47 
11,127.5096228,37.14043306,2022-8-27,2022-10-24,0.14657,0.183,0.2652,0.3038,0.40959,0.45367,0.46975,0.5064,0.48286,0.49902,0.56483,0.40442,0.250061713,0.115036296,0.259754246,0.414911736,0.233655952,-0.054544776,22,42,0.523809524,,,,1.00
12,127.5100907,37.14023002,2022-8-27,2022-10-24,0.14414,0.1644,0.2392,0.2952,0.36171,0.39285,0.4168,0.4243,0.42274,0.44128,0.51751,0.3534,0.17943016,0.159846155,0.205914253,0.337977967,0.160657778,-0.098969006,38,46,0.826086957,,,,1.54
13,127.5115348,37.13953628,2022-8-27,2022-10-24,0.10396,0.1252,0.1904,0.2392,0.29473,0.32375,0.3332,0.3696,0.34159,0.35134,0.42711,0.28255,0.214191853,0.147712103,0.214742112,0.332220698,0.179601852,-0.072184358,16,37,0.432432432,,,,0.90
14,127.5135122,37.13302932,2022-8-27,2022-10-24,0.04486,0.0544,0.0692,0.0786,0.08115,0.08649,0.09059,0.0901,0.08599,0.06379,0.10029,0.05476,0.068168346,0.106342187,0.028198992,0.098466903,0.027521368,-0.053521719,16,40,0.4,,,,1.46
17,127.5366973,37.11976759,2022-8-27,2022-10-24,0.21097,0.2316,0.3164,0.4152,0.47281,0.48328,0.51318,0.5351,0.51349,0.5173,0.70439,0.48214,0.126170683,0.18708152,0.226949227,0.334775627,0.124223464,-0.136580368,12,36,0.333333333,,,,1.01
18,127.5361816,37.12031974,2022-8-27,2022-10-24,0.16755,0.1788,0.2664,0.3648,0.40564,0.42017,0.44992,0.473,0.46489,0.47277,0.67956,0.45825,0.129147768,0.23144043,0.215020429,0.319153514,0.122064781,-0.179218435,20,25,0.8,,,,1.28
19,127.5360454,37.1194835,2022-8-27,2022-10-24,0.14098,0.191,0.2806,0.3788,0.42258,0.43368,0.46144,0.4945,0.47407,0.48679,0.66871,0.43842,0.132485973,0.208890889,0.230371621,0.328783767,0.126965035,-0.149766594,12,39,0.307692308,,,,1.08
27,127.5243353,37.12714944,2022-8-27,2022-10-24,0.04975,0.0535,0.0696,0.0836,0.09132,0.09678,0.0968,0.1004,0.1006,0.09094,0.11008,0.06852,0.091304348,0.114448472,0.039845173,0.11562259,0.0392,-0.045990118,15,30,0.5,,,,1.39
35,127.5239773,37.27107962,2022/10/15,2022-10-24,0.18472,0.1462,0.2238,0.3364,0.39326,0.4125,0.42655,0.4438,0.4369,0.43136,0.53951,0.38913,0.137657011,0.195039259,0.192362803,0.316251542,0.126938586,-0.097334513,,,,,,,1.00 
36,127.5231857,37.27036738,2022/10/15,2022-10-24,0.27466,0.1962,0.2742,0.3408,0.39876,0.44019,0.4551,0.4732,0.4674,0.54634,0.53665,0.37052,0.162653563,0.134499143,0.212405508,0.345660675,0.152228019,-0.062831114,,,,,,,0.86 
60,127.4966078,37.21005697,2022/10/15,2022-10-24,0.11785,0.1476,0.2144,0.2944,0.33757,0.33062,0.34057,0.3673,0.37539,0.36879,0.51233,0.36373,0.110170772,0.220810666,0.159446029,0.266339559,0.095531981,-0.164876141,,,,,,,0.70 
61,127.4963338,37.21014277,2022/10/15,2022-10-24,0.11582,0.1406,0.2078,0.288,0.32681,0.33499,0.35422,0.3685,0.36036,0.36455,0.49841,0.36895,0.122619954,0.214054697,0.165170218,0.276421056,0.105997234,-0.149854079,,,,,,,0.93 
62,127.4963364,37.21040069,2022/10/15,2022-10-24,0.12744,0.197,0.2874,0.3664,0.40337,0.41681,0.42608,0.4476,0.42185,0.42678,0.57603,0.42166,0.0997543,0.187665009,0.169101844,0.284503158,0.093360386,-0.125465256,,,,,,,0.72 
63,127.4973999,37.2087994,2022/10/15,2022-10-24,0.12974,0.1434,0.212,0.294,0.32003,0.34526,0.36135,0.3739,0.36266,0.37088,0.52437,0.3457,0.119628687,0.225407473,0.161028973,0.276292427,0.104112784,-0.167510882,,,,,,,0.72 
64,127.4966225,37.20879786,2022/10/15,2022-10-24,0.12752,0.1776,0.2518,0.3356,0.36949,0.38277,0.39304,0.4181,0.40147,0.41763,0.56372,0.37445,0.109459997,0.203087584,0.172202184,0.2840455,0.099695354,-0.148316392,,,,,,,0.47 
65,127.4969555,37.20814686,2022/10/15,2022-10-24,0.14414,0.1976,0.2844,0.3812,0.42136,0.43087,0.45067,0.4697,0.45071,0.46403,0.62573,0.39743,0.104007521,0.202857433,0.185004014,0.295192087,0.098817734,-0.142437216,,,,,,,0.47 
66,127.497328,37.20793023,2022/10/15,2022-10-24,0.13785,0.1902,0.28,0.376,0.42254,0.44402,0.44846,0.4672,0.45631,0.47382,0.62052,0.39981,0.108159393,0.205040147,0.173870604,0.298465465,0.102449339,-0.140955393,,,,,,,0.45 
67,127.4978908,37.20771431,2022/10/15,2022-10-24,0.14958,0.1766,0.2636,0.3464,0.3956,0.40461,0.42003,0.4336,0.43203,0.44249,0.5885,0.38565,0.111794872,0.21014821,0.172569384,0.291276826,0.103080795,-0.151550729,,,,,,,0.37 
68,127.4966595,37.21056977,2022/10/15,2022-10-24,0.13932,0.1786,0.2584,0.3416,0.37825,0.40171,0.40586,0.432,0.41127,0.41799,0.58848,0.40521,0.116856256,0.207362983,0.176526643,0.295153089,0.107432756,-0.153339605,,,,,,,0.95 
69,127.4965835,37.21102923,2022/10/15,2022-10-24,0.12812,0.1902,0.2776,0.3704,0.40739,0.42643,0.44027,0.4581,0.44059,0.46678,0.60512,0.42539,0.105853953,0.201512483,0.177002939,0.293545122,0.099670195,-0.138278061,,,,,,,0.85 
70,127.5006381,37.20846586,2022/10/15,2022-10-24,0.12942,0.1936,0.2708,0.3094,0.37804,0.40872,0.41686,0.445,0.43601,0.44497,0.51236,0.35704,0.179745493,0.125421129,0.214989663,0.346695942,0.1637659,-0.070360157,,,,,,,0.10 
71,127.5003625,37.20828631,2022/10/15,2022-10-24,0.12996,0.1354,0.2124,0.3018,0.36857,0.37629,0.39775,0.4008,0.39727,0.41168,0.49922,0.36572,0.140905209,0.19803772,0.177414268,0.302585132,0.125041571,-0.109353125,,,,,,,0.44 
72,127.5000275,37.20811586,2022/10/15,2022-10-24,0.12018,0.1364,0.2154,0.2886,0.34649,0.37594,0.37948,0.4091,0.40391,0.4139,0.48948,0.35317,0.172710334,0.175720395,0.200801205,0.327323206,0.152859554,-0.089452247,,,,,,,0.50 
73,127.4986231,37.20938549,2022/10/15,2022-10-24,0.12776,0.199,0.2702,0.3108,0.37835,0.40342,0.41929,0.4407,0.43207,0.4585,0.50157,0.36686,0.172854291,0.118913,0.212224386,0.340433657,0.157267656,-0.064599319,,,,,,,0.21 
74,127.499403,37.20872577,2022/10/15,2022-10-24,0.13443,0.1822,0.2646,0.32,0.39881,0.42013,0.43985,0.4595,0.45012,0.46847,0.53938,0.38918,0.178960872,0.145015589,0.220688739,0.351929937,0.164973913,-0.079969566,,,,,,,0.46 
75,127.4992095,37.20841631,2022/10/15,2022-10-24,0.13431,0.2004,0.2766,0.3188,0.40316,0.42318,0.44379,0.4578,0.44875,0.44149,0.54268,0.38023,0.178985321,0.133765003,0.216392258,0.351281336,0.16477835,-0.084839277,,,,,,,0.15 
82,127.4952055,37.19881011,2022/10/15,2022-10-24,0.11338,0.1814,0.249,0.3028,0.35879,0.38026,0.38718,0.4388,0.39139,0.38809,0.50418,0.36735,0.183387271,0.130873471,0.2345863,0.346514146,0.166046512,-0.06933339,,,,,,,0.58 
83,127.4958015,37.19808189,2022/10/15,2022-10-24,0.15295,0.2048,0.2934,0.3572,0.42048,0.44571,0.46214,0.482,0.47323,0.47059,0.5978,0.44534,0.14871306,0.163357291,0.21120182,0.338152418,0.140636364,-0.107242082,,,,,,,0.23 
84,127.4955048,37.19754543,2022/10/15,2022-10-24,0.14813,0.189,0.2856,0.3604,0.43073,0.45704,0.46379,0.4839,0.47767,0.50321,0.61882,0.46688,0.146275021,0.185410261,0.202706252,0.336855528,0.138613535,-0.122352002,,,,,,,0.18 
85,127.4946166,37.19732311,2022/10/15,2022-10-24,0.13145,0.1538,0.2302,0.2844,0.34511,0.37215,0.39536,0.4124,0.41553,0.41791,0.52154,0.40331,0.1836969,0.174719781,0.211598228,0.335531259,0.162503556,-0.116859755,,,,,,,0.68 
86,127.4941847,37.19765634,2022/10/15,2022-10-24,0.08392,0.1598,0.2496,0.29,0.36174,0.37889,0.38681,0.424,0.41113,0.42149,0.50879,0.38618,0.18767507,0.155498015,0.220055966,0.342959629,0.167558669,-0.090899345,,,,,,,0.21 
93,127.3677431,37.22464125,2022/10/16,2022-10-24,0.07921,0.0598,0.0904,0.1182,0.12468,0.14167,0.1545,0.1451,0.17208,0.16882,0.16812,0.14677,0.102164831,0.16575058,0.060661002,0.150983653,0.055566614,-0.073494668,,,,,,,2.51 
1,127.4844862,37.1540762,2022-7-26,2022-10-29,0.0843,0.096,0.142,0.1828,0.21946,0.25593,0.25838,0.2684,0.2797,0.28263,0.39233,0.29595,0.189716312,0.224292998,0.149339139,0.265783619,0.139031847,-0.187565269,,,0.7,68,30.5,1.6,0.71 
2,127.4852446,37.1545173,2022-7-26,2022-10-29,0.07705,0.1148,0.1674,0.2286,0.25741,0.27416,0.2875,0.3043,0.30447,0.29652,0.4231,0.32789,0.142052918,0.21722077,0.153268651,0.260951114,0.112498283,-0.163321419,,,0.75,75.2,23.6,1.2,0.86 
3,127.4861837,37.1552674,2022-7-26,2022-10-29,0.07607,0.1228,0.1726,0.2458,0.28749,0.30679,0.32255,0.332,0.32533,0.33688,0.46377,0.3524,0.14918657,0.218805019,0.162122717,0.278426537,0.122383774,-0.165588047,,,0.8,63.8,33.5,2.7,0.87 
4,127.4828685,37.1539711,2022-7-26,2022-10-29,0.08378,0.1188,0.167,0.2238,0.2615,0.2752,0.28705,0.2968,0.29987,0.29594,0.41508,0.32543,0.14022282,0.211744177,0.143757385,0.256204526,0.109892473,-0.166151599,,,1,77.8,17.6,4.7,1.00 
5,127.4812562,37.1576694,2022-7-26,2022-10-29,0.07115,0.0836,0.1114,0.1412,0.16618,0.1879,0.21562,0.2349,0.24139,0.25533,0.32517,0.23915,0.249135868,0.188400627,0.179736055,0.266382004,0.166401691,-0.161176282,,,0.7,81.1,16,2.9,0.84 
6,127.489336,37.1402543,2022-7-26,2022-10-29,0.09347,0.162,0.2188,0.2958,0.34837,0.34505,0.35311,0.3824,0.3661,0.35629,0.5329,0.38783,0.127690947,0.207049741,0.175417274,0.285700236,0.111792443,-0.164426964,,,0.7,68,30.3,1.7,1.07 
7,127.5011897,37.1504977,2022-7-26,2022-10-29,0.10292,0.0656,0.0652,0.0618,0.06645,0.07196,0.07548,0.0761,0.08593,0.0858,0.11431,0.0981,0.103698332,0.108272238,0.034231491,0.100694413,0.036084821,-0.200672234,,,0.65,66.2,32.5,1.4,0.47 
8,127.5006666,37.1508839,2022-7-26,2022-10-29,0.07493,0.0611,0.0634,0.0612,0.06175,0.06781,0.06893,0.0706,0.07222,0.06797,0.10238,0.09911,0.071320182,0.107965321,0.023074053,0.085408654,0.023978564,-0.183720661,,,0.6,67.4,32.6,0,0.52 
11,127.5096228,37.14043306,2022-8-27,2022-10-29,0.10132,0.1366,0.1888,0.2622,0.29956,0.3211,0.33652,0.3448,0.34813,0.35076,0.47607,0.36917,0.136079077,0.210606148,0.158249674,0.27594889,0.113964058,-0.159915699,22,42,0.523809524,,,,1.00
12,127.5100907,37.14023002,2022-8-27,2022-10-29,0.1025,0.1366,0.192,0.253,0.29105,0.31243,0.32467,0.3421,0.33564,0.33932,0.45453,0.34723,0.149722736,0.192905254,0.168854895,0.28343303,0.124362037,-0.141132019,38,46,0.826086957,,,,1.54
13,127.5115348,37.13953628,2022-8-27,2022-10-29,0.09375,0.1368,0.1954,0.25,0.28752,0.29759,0.31662,0.3363,0.32139,0.32398,0.44765,0.3417,0.147194269,0.191800128,0.173037439,0.27921129,0.121498965,-0.14203712,16,37,0.432432432,,,,0.90
14,127.5135122,37.13302932,2022-8-27,2022-10-29,0.10336,0.1686,0.2408,0.3208,0.35873,0.36939,0.38473,0.4027,0.38605,0.40012,0.55264,0.38033,0.113199724,0.209131055,0.168790807,0.281895236,0.101565957,-0.156949358,16,40,0.4,,,,1.46
17,127.5366973,37.11976759,2022-8-27,2022-10-29,0.2127,0.2888,0.3264,0.3688,0.41105,0.41039,0.42291,0.4271,0.42344,0.41668,0.60986,0.51194,0.073250408,0.155060901,0.129735455,0.250488835,0.068022224,-0.17624595,12,36,0.333333333,,,,1.01
18,127.5361816,37.12031974,2022-8-27,2022-10-29,0.18088,0.1712,0.2348,0.3084,0.33936,0.34304,0.36705,0.3839,0.37569,0.38489,0.56355,0.4012,0.109056767,0.222031464,0.167162619,0.271648107,0.096236722,-0.189614228,20,25,0.8,,,,1.28
19,127.5360454,37.1194835,2022-8-27,2022-10-29,0.13071,0.1814,0.2448,0.3256,0.35913,0.3654,0.384,0.4063,0.40518,0.392,0.58123,0.41953,0.110260965,0.213532013,0.174418605,0.280680757,0.099353048,-0.177138922,12,39,0.307692308,,,,1.08
24,127.5249595,37.12756278,2022-8-27,2022-10-29,0.07486,0.0996,0.1412,0.2022,0.22604,0.23645,0.25397,0.2697,0.26067,0.26253,0.36429,0.25901,0.143038779,0.210720354,0.143996928,0.243983009,0.107111901,-0.149197937,25,35,0.714285714,,,,1.51
25,127.5239128,37.12716028,2022-8-27,2022-10-29,0.08816,0.1438,0.2036,0.2868,0.32303,0.33837,0.35507,0.3709,0.36564,0.38137,0.46477,0.33396,0.127869849,0.187061211,0.168183854,0.281247101,0.110615087,-0.112329029,18,28,0.642857143,,,,1.26
26,127.524152,37.12687745,2022-8-27,2022-10-29,0.08123,0.13,0.1802,0.2522,0.27334,0.29586,0.30862,0.3157,0.31095,0.29732,0.39596,0.28499,0.11181546,0.185087671,0.13236226,0.246572472,0.09105131,-0.112778574,20,30,0.666666667,,,,1.61
27,127.5243353,37.12714944,2022-8-27,2022-10-29,0.08391,0.1252,0.1706,0.2308,0.25096,0.26373,0.27876,0.301,0.29093,0.28476,0.37678,0.273,0.132004513,0.175453191,0.152293514,0.253307254,0.104444259,-0.111806191,15,30,0.5,,,,1.39
35,127.5239773,37.27107962,2022/10/15,2022-10-29,0.08207,0.1022,0.1646,0.2652,0.30889,0.32243,0.33245,0.3466,0.33971,0.33587,0.45466,0.34753,0.133050016,0.231940855,0.157485799,0.274709727,0.11178996,-0.134862591,,,,,,,1.00 
36,127.5231857,37.27036738,2022/10/15,2022-10-29,0.09439,0.1498,0.2266,0.2946,0.35706,0.37089,0.38098,0.3972,0.39212,0.40012,0.49229,0.37305,0.14830876,0.179842416,0.181523524,0.306335517,0.130838364,-0.106903956,,,,,,,0.86 
37,127.5211756,37.26915175,2022/10/15,2022-10-29,0.11284,0.1974,0.274,0.3284,0.37777,0.38364,0.39859,0.4167,0.40841,0.41062,0.52839,0.40308,0.118507583,0.164995343,0.175820762,0.291271704,0.107486489,-0.118179221,,,,,,,0.85 
38,127.5203222,37.26949045,2022/10/15,2022-10-29,0.10602,0.1204,0.191,0.2832,0.32184,0.34405,0.35824,0.3627,0.35669,0.36521,0.47953,0.35831,0.123084069,0.224452774,0.152532617,0.274433775,0.105713754,-0.138715078,,,,,,,1.08 
39,127.5194183,37.27284545,2022/10/15,2022-10-29,0.11232,0.1422,0.2066,0.261,0.32087,0.34255,0.36024,0.3743,0.37109,0.37644,0.45634,0.34142,0.178340941,0.162776373,0.1924122,0.315281188,0.152160632,-0.098767216,,,,,,,0.88 
40,127.5188569,37.27338611,2022/10/15,2022-10-29,0.11249,0.147,0.217,0.26,0.31138,0.34552,0.35658,0.3686,0.36045,0.37452,0.43955,0.30686,0.172764874,0.151380488,0.182004666,0.309413286,0.146773424,-0.087793108,,,,,,,0.69 
41,127.5184789,37.27395303,2022/10/15,2022-10-29,0.11133,0.163,0.2292,0.3076,0.35548,0.36488,0.38388,0.3979,0.38849,0.40516,0.49559,0.35925,0.12799433,0.177620245,0.176342389,0.291926094,0.11376127,-0.109335303,,,,,,,0.61 
42,127.5220381,37.26977395,2022/10/15,2022-10-29,0.1008,0.14,0.2276,0.314,0.36107,0.36661,0.39661,0.404,0.38525,0.39802,0.51247,0.3888,0.125348189,0.206111772,0.180193167,0.292179223,0.112146597,-0.118356302,,,,,,,1.04 
43,127.5227096,37.26934572,2022/10/15,2022-10-29,0.08942,0.1036,0.1698,0.2508,0.28859,0.30234,0.30719,0.3305,0.32372,0.33043,0.43251,0.32952,0.137106485,0.223024673,0.157691882,0.270235573,0.112762905,-0.133694185,,,,,,,1.04 
44,127.523696,37.26914646,2022/10/15,2022-10-29,0.08868,0.1098,0.1726,0.2756,0.31338,0.32931,0.34784,0.3431,0.33917,0.34616,0.43558,0.33766,0.109099725,0.221874785,0.134788651,0.255996667,0.092089424,-0.11876509,,,,,,,0.96 
45,127.5234968,37.26880228,2022/10/15,2022-10-29,0.06781,0.0944,0.1544,0.2508,0.28463,0.29922,0.31229,0.3245,0.30849,0.31122,0.40752,0.30733,0.128107075,0.222257292,0.148730243,0.261673646,0.104897438,-0.113412202,,,,,,,1.01 
46,127.5196223,37.26865667,2022/10/15,2022-10-29,0.1055,0.1598,0.2504,0.3324,0.38355,0.39485,0.40854,0.4353,0.41334,0.41395,0.52707,0.40975,0.134036733,0.181751308,0.196164404,0.310389335,0.122891361,-0.095358334,,,,,,,0.91 
47,127.5196544,37.2691177,2022/10/15,2022-10-29,0.11929,0.1268,0.1926,0.2796,0.32357,0.3394,0.3522,0.3608,0.36181,0.35626,0.48011,0.37287,0.126795753,0.218157475,0.156129826,0.276353787,0.108530139,-0.141882009,,,,,,,0.92 
48,127.5202443,37.26804501,2022/10/15,2022-10-29,0.06959,0.1402,0.2036,0.2746,0.32977,0.34406,0.34669,0.3674,0.37291,0.34051,0.45916,0.37064,0.144548287,0.182187278,0.169064172,0.291354386,0.123848972,-0.111014324,,,,,,,1.03 
49,127.5189234,37.27063588,2022/10/15,2022-10-29,0.10545,0.1664,0.2408,0.3156,0.3638,0.38688,0.40452,0.4152,0.39461,0.40694,0.53633,0.43839,0.136288998,0.188576451,0.181820837,0.304748957,0.122738005,-0.127300243,,,,,,,0.99 
50,127.5194,37.27098335,2022/10/15,2022-10-29,0.09419,0.1196,0.2042,0.2382,0.31271,0.32874,0.34851,0.35,0.35005,0.34736,0.47582,0.36606,0.190071404,0.206502087,0.181973254,0.310063234,0.157105294,-0.152357657,,,,,,,0.92 
51,127.5200543,37.27125799,2022/10/15,2022-10-29,0.11125,0.1426,0.2104,0.261,0.32268,0.34511,0.35997,0.3725,0.36945,0.38151,0.44718,0.35288,0.176006314,0.157837944,0.187627048,0.31309913,0.149997174,-0.091108725,,,,,,,0.99 
52,127.520545,37.27174667,2022/10/15,2022-10-29,0.10716,0.1316,0.2128,0.279,0.33606,0.36138,0.37725,0.3905,0.38899,0.39527,0.47753,0.37125,0.166542196,0.183344674,0.190106937,0.315459582,0.145076993,-0.100261512,,,,,,,1.02 
53,127.5210503,37.27205591,2022/10/15,2022-10-29,0.11128,0.1292,0.1878,0.2352,0.29776,0.33102,0.34251,0.3617,0.36398,0.35625,0.44077,0.32582,0.211928296,0.158603786,0.199675468,0.327086263,0.176253293,-0.098533279,,,,,,,1.06 
54,127.5190066,37.27426701,2022/10/15,2022-10-29,0.10789,0.1442,0.2066,0.239,0.31242,0.3472,0.36464,0.382,0.37897,0.38065,0.44825,0.31697,0.230273752,0.132720755,0.213726311,0.346413402,0.194665396,-0.079795242,,,,,,,0.75 
55,127.5194053,37.27352122,2022/10/15,2022-10-29,0.1291,0.1794,0.241,0.2874,0.34274,0.35544,0.36884,0.38,0.37176,0.3827,0.46589,0.32574,0.138747378,0.147704332,0.170579306,0.292693762,0.120716451,-0.101538025,,,,,,,0.83 
56,127.5200012,37.27318118,2022/10/15,2022-10-29,0.0992,0.1262,0.187,0.2234,0.29896,0.33063,0.35728,0.3805,0.375,0.37393,0.42674,0.31589,0.260142408,0.123992946,0.232564336,0.359398349,0.217403624,-0.057281602,,,,,,,0.76 
57,127.5206332,37.272799,2022/10/15,2022-10-29,0.11152,0.1364,0.191,0.2274,0.30945,0.3564,0.37447,0.3961,0.39292,0.38808,0.42687,0.30192,0.270569366,0.102606234,0.230590487,0.372355874,0.229104708,-0.037388969,,,,,,,0.79 
60,127.4966078,37.21005697,2022/10/15,2022-10-29,0.10993,0.136,0.1914,0.2598,0.29982,0.31868,0.31679,0.3275,0.3389,0.34181,0.47711,0.37172,0.115273285,0.227763847,0.131091799,0.254126342,0.095218753,-0.185941015,,,,,,,0.70 
61,127.4963338,37.21014277,2022/10/15,2022-10-29,0.10733,0.153,0.2148,0.2872,0.32028,0.32611,0.33819,0.3532,0.36107,0.35021,0.5032,0.39045,0.103060587,0.219188647,0.142750852,0.255178516,0.088214152,-0.175151798,,,,,,,0.93 
62,127.4963364,37.21040069,2022/10/15,2022-10-29,0.11282,0.1842,0.2562,0.3328,0.37551,0.38425,0.39129,0.4021,0.39504,0.39426,0.54581,0.43112,0.094298544,0.199541269,0.142992737,0.264915752,0.085097945,-0.15160722,,,,,,,0.72 
63,127.4973999,37.2087994,2022/10/15,2022-10-29,0.11417,0.1328,0.191,0.2608,0.29187,0.30732,0.3198,0.332,0.32578,0.33424,0.47344,0.33893,0.120107962,0.224713104,0.145911207,0.259493616,0.099601881,-0.17560588,,,,,,,0.72 
64,127.4966225,37.20879786,2022/10/15,2022-10-29,0.10524,0.1576,0.2194,0.2824,0.32044,0.32563,0.34405,0.3603,0.34356,0.34425,0.49745,0.34852,0.121207406,0.201849355,0.162823557,0.272078808,0.103895769,-0.159895074,,,,,,,0.47 
65,127.4969555,37.20814686,2022/10/15,2022-10-29,0.07894,0.0684,0.0756,0.0872,0.11298,0.11276,0.1167,0.1059,0.13095,0.14371,0.19426,0.13057,0.096841015,0.235123749,0.041428141,0.121816018,0.042994043,-0.294376333,,,,,,,0.47 
66,127.497328,37.20793023,2022/10/15,2022-10-29,0.06536,0.0631,0.0798,0.0902,0.09284,0.09641,0.10234,0.1086,0.10799,0.11047,0.12951,0.09118,0.092555332,0.122659104,0.045519316,0.122048148,0.041919592,-0.087816555,,,,,,,0.45 
67,127.4978908,37.20771431,2022/10/15,2022-10-29,0.07809,0.0656,0.0747,0.0843,0.09666,0.09843,0.11471,0.1033,0.1151,0.12001,0.17731,0.11692,0.101279318,0.215349237,0.044742519,0.121581933,0.044074074,-0.263746837,,,,,,,0.37 
68,127.4966595,37.21056977,2022/10/15,2022-10-29,0.11665,0.1564,0.222,0.2966,0.3331,0.33586,0.35296,0.3668,0.35979,0.35665,0.5247,0.37651,0.105818511,0.221718111,0.15162511,0.26261706,0.091850467,-0.177117218,,,,,,,0.95 
69,127.4965835,37.21102923,2022/10/15,2022-10-29,0.10757,0.1656,0.2356,0.3128,0.35725,0.36623,0.38726,0.3911,0.38322,0.39914,0.54659,0.41518,0.111237392,0.213750538,0.157547808,0.27608591,0.098782931,-0.165822393,,,,,,,0.85 
70,127.5006381,37.20846586,2022/10/15,2022-10-29,0.11031,0.177,0.2388,0.279,0.35096,0.36161,0.38072,0.3908,0.38873,0.37465,0.48728,0.36667,0.166915497,0.148776685,0.190400283,0.315823087,0.145427582,-0.109876093,,,,,,,0.10 
71,127.5003625,37.20828631,2022/10/15,2022-10-29,0.12076,0.1394,0.2086,0.278,0.32208,0.34554,0.3562,0.3668,0.36936,0.37316,0.47615,0.36819,0.137717122,0.196731067,0.163832802,0.286501234,0.118201342,-0.129722997,,,,,,,0.44 
72,127.5000275,37.20811586,2022/10/15,2022-10-29,0.11276,0.1376,0.2006,0.2734,0.33453,0.34772,0.35599,0.3712,0.36466,0.37411,0.46696,0.35813,0.151721998,0.18537257,0.173771517,0.297678457,0.130205482,-0.114250262,,,,,,,0.50 
73,127.4986231,37.20938549,2022/10/15,2022-10-29,0.11662,0.1802,0.2454,0.2724,0.34526,0.36014,0.38453,0.3969,0.38909,0.40388,0.49118,0.37877,0.18601524,0.139093594,0.205480809,0.330050995,0.162021325,-0.106161607,,,,,,,0.21 
74,127.499403,37.20872577,2022/10/15,2022-10-29,0.11711,0.1822,0.2456,0.2968,0.36472,0.3819,0.39598,0.4152,0.40351,0.42086,0.51515,0.40772,0.166292135,0.152233299,0.199918952,0.32575866,0.148311579,-0.107432687,,,,,,,0.46 
75,127.4992095,37.20841631,2022/10/15,2022-10-29,0.10915,0.1814,0.2402,0.2862,0.35807,0.378,0.39033,0.4091,0.40256,0.3817,0.50918,0.38553,0.176758234,0.147833867,0.200738273,0.329852137,0.156237158,-0.108986366,,,,,,,0.15 
76,127.492623,37.19835777,2022/10/15,2022-10-29,0.12033,0.1614,0.2128,0.2712,0.32153,0.33381,0.34806,0.3696,0.36282,0.37649,0.49688,0.40893,0.153558052,0.182498383,0.183793315,0.29815709,0.13147006,-0.146893177,,,,,,,0.74 
77,127.4923922,37.19881469,2022/10/15,2022-10-29,0.10772,0.1608,0.2376,0.2954,0.352,0.38186,0.38874,0.4184,0.408,0.40622,0.53341,0.43372,0.172317176,0.17727857,0.205815028,0.330988681,0.153830793,-0.120832939,,,,,,,0.73 
78,127.4929809,37.19876169,2022/10/15,2022-10-29,0.12083,0.1522,0.2152,0.271,0.3172,0.3344,0.34575,0.3639,0.3606,0.36875,0.49204,0.39996,0.146322255,0.193051582,0.17360592,0.291010348,0.124810612,-0.149706755,,,,,,,0.04 
79,127.4934023,37.19898994,2022/10/15,2022-10-29,0.10718,0.1654,0.2204,0.2644,0.30973,0.32587,0.34183,0.3636,0.35711,0.36925,0.48266,0.38607,0.157961783,0.170885382,0.185653756,0.298258221,0.134145455,-0.140689623,,,,,,,0.32 
80,127.4937298,37.19930977,2022/10/15,2022-10-29,0.09421,0.142,0.198,0.2374,0.29675,0.3082,0.33578,0.3384,0.33865,0.36586,0.45811,0.36399,0.175408128,0.182930666,0.17944709,0.296494182,0.143682008,-0.150293154,,,,,,,0.62 
81,127.4945285,37.19922477,2022/10/15,2022-10-29,0.10482,0.1812,0.2386,0.2954,0.35369,0.37795,0.39332,0.4244,0.41843,0.43576,0.54481,0.43378,0.179216449,0.162268901,0.218407152,0.337885256,0.160491375,-0.124235202,,,,,,,0.38 
82,127.4952055,37.19881011,2022/10/15,2022-10-29,0.11999,0.1732,0.2342,0.2846,0.34305,0.36408,0.38016,0.3955,0.39672,0.40296,0.51542,0.41925,0.163064255,0.169004617,0.191804798,0.315410144,0.142915982,-0.131647126,,,,,,,0.58 
83,127.4958015,37.19808189,2022/10/15,2022-10-29,0.13695,0.1816,0.258,0.3046,0.35415,0.37206,0.38757,0.4017,0.39716,0.39232,0.53225,0.41937,0.137476993,0.178537478,0.17987344,0.300459022,0.122241735,-0.139782644,,,,,,,0.23 
84,127.4955048,37.19754543,2022/10/15,2022-10-29,0.13955,0.1948,0.2592,0.3232,0.37821,0.38899,0.40594,0.422,0.4166,0.43379,0.57027,0.45818,0.132581857,0.183192409,0.185443789,0.30444575,0.120257757,-0.149425056,,,,,,,0.18 
85,127.4946166,37.19732311,2022/10/15,2022-10-29,0.12979,0.1636,0.2242,0.2778,0.33703,0.36363,0.37786,0.404,0.39643,0.40155,0.51308,0.41723,0.185098269,0.164360167,0.210014112,0.332684628,0.162383853,-0.118942731,,,,,,,0.68 
86,127.4941847,37.19765634,2022/10/15,2022-10-29,0.10988,0.196,0.263,0.3136,0.37879,0.39451,0.40601,0.423,0.42167,0.42896,0.55524,0.43857,0.148520228,0.167921282,0.190186779,0.316697757,0.134143225,-0.135181551,,,,,,,0.21 
87,127.493451,37.19752011,2022/10/15,2022-10-29,0.09289,0.1548,0.2192,0.2646,0.31533,0.34022,0.36391,0.3864,0.37939,0.38003,0.49877,0.40281,0.187096774,0.170301325,0.210986544,0.325888732,0.161195922,-0.126947366,,,,,,,0.87 
88,127.3692737,37.22355058,2022/10/16,2022-10-29,0.07315,0.105,0.1462,0.1842,0.21647,0.23229,0.2498,0.2563,0.25367,0.26067,0.32856,0.28373,0.163677639,0.173283299,0.142092484,0.247033503,0.118547841,-0.123550935,,,,,,,2.61 
89,127.3691897,37.22400529,2022/10/16,2022-10-29,0.08148,0.1018,0.1404,0.1856,0.21743,0.22954,0.24055,0.2517,0.25622,0.26374,0.3259,0.28217,0.151154814,0.18265896,0.133595809,0.238400675,0.109084479,-0.128462604,,,,,,,2.37 
90,127.3686767,37.22373658,2022/10/16,2022-10-29,0.07873,0.1004,0.1412,0.1836,0.21594,0.23147,0.24582,0.2542,0.25943,0.26737,0.33276,0.28931,0.16126085,0.185726095,0.139413279,0.244696495,0.11644352,-0.13384217,,,,,,,3.68 
91,127.368929,37.22405871,2022/10/16,2022-10-29,0.09157,0.105,0.1376,0.1734,0.21139,0.23964,0.24819,0.2663,0.2682,0.2673,0.32788,0.29123,0.211280418,0.148960554,0.165462654,0.273460179,0.152888325,-0.103638628,,,,,,,3.22 
92,127.3680074,37.22394158,2022/10/16,2022-10-29,0.09826,0.1064,0.1526,0.1886,0.22043,0.24424,0.25659,0.2654,0.26755,0.26788,0.32933,0.2923,0.169162996,0.164240837,0.145858973,0.254780223,0.124342857,-0.107494157,,,,,,,3.30 
93,127.3677431,37.22464125,2022/10/16,2022-10-29,0.1112,0.0872,0.1248,0.1546,0.20452,0.21384,0.21965,0.2487,0.2558,0.24408,0.29464,0.22976,0.233325068,0.144356421,0.171435026,0.270463845,0.161644172,-0.08455111,,,,,,,2.51 