id,xcoord(long),ycoord(lat),sampling date,sensing date,B2,B3,B4,B5,B6,B7,B8,B8A,B11,B12,NDVI,BSI,TVI,EVI,SATVI,SAVI,BI2,AVI,NDMI,SWHC,Sand (%),Silt (%),Clay (%),DSM,SOC
1,127.4844862,37.1540762,2022-7-26,2022-9-24,0.1976,0.2448,0.3022,0.3264,0.3774,0.4137,0.4032,0.4234,0.5107,0.40410,0.155410015,0.134753735,0.809573971,0.371979099,-0.202000945,0.23309912,0.194461667,-0.246186913,-0.093458944,0.7,0.68,0.305,0.016,0.278892288,0.71 
1,127.4844862,37.1540762,2022-7-26,2022-10-19,0.1667,0.2020,0.2478,0.2781,0.3036,0.3232,0.3519,0.3188,0.3986,0.30950,0.141629364,0.138703059,0.801017705,0.375166003,-0.154700219,0.212425029,0.148761394,-0.182135193,-0.111235015,0.7,0.68,0.305,0.016,0.278892288,0.71 
1,127.4844862,37.1540762,2022-7-26,2022-10-29,0.1960,0.2420,0.2828,0.3124,0.3434,0.3429,0.3684,0.3635,0.4849,0.39280,0.130989421,0.157352718,0.794348426,0.355184342,-0.196346199,0.19646885,0.171333654,-0.204445383,-0.143092881,0.7,0.68,0.305,0.016,0.278892288,0.71 
1,127.4844862,37.1540762,2022-7-26,2022-6-11,0.2232,0.2914,0.3514,0.3441,0.4298,0.4607,0.4731,0.4869,0.5624,0.43240,0.14362889,0.121868571,0.80226485,0.345734155,-0.216157329,0.215430685,0.225419367,-0.278946717,-0.07195273,0.7,0.68,0.305,0.016,0.278892288,0.71 
2,127.4852446,37.1545173,2022-7-26,2022-6-1,0.3070,0.3946,0.5032,0.5340,0.5515,0.5755,0.6153,0.5967,0.6441,0.49690,0.092356979,0.11530747,0.769647308,0.199351958,-0.248423982,0.138529129,0.289647773,-0.310185892,-0.038201161,0.75,0.752,0.236,0.012,0.255962938,0.86 
2,127.4852446,37.1545173,2022-7-26,2022-9-24,0.2146,0.2716,0.3458,0.3743,0.3882,0.3961,0.4187,0.4130,0.5577,0.42540,0.12,0.178545187,0.787400787,0.261571201,-0.212647138,0.179987797,0.195324599,-0.228029686,-0.149067683,0.75,0.752,0.236,0.012,0.255962938,0.86 
2,127.4852446,37.1545173,2022-7-26,2022-10-19,0.1855,0.2366,0.2938,0.3537,0.3746,0.3870,0.3691,0.4026,0.4894,0.40600,0.1107739,0.140428521,0.781520249,0.261563518,-0.202958832,0.16614939,0.19342528,-0.218392784,-0.097309417,0.75,0.752,0.236,0.012,0.255962938,0.86 
2,127.4852446,37.1545173,2022-7-26,2022-10-29,0.2148,0.2674,0.3286,0.3668,0.3849,0.3983,0.4043,0.4165,0.5314,0.43850,0.108892439,0.145331923,0.780315602,0.291601312,-0.219204583,0.163327787,0.20074007,-0.22505988,-0.121215318,0.75,0.752,0.236,0.012,0.255962938,0.86 
2,127.4852446,37.1545173,2022-7-26,2022-6-11,0.2742,0.3454,0.4372,0.4780,0.4884,0.5178,0.5103,0.5311,0.6270,0.51860,0.101067689,0.1353637,0.775285553,0.230322215,-0.259263534,0.151593677,0.256023135,-0.282091504,-0.082808048,0.75,0.752,0.236,0.012,0.255962938,0.86 
3,127.4861837,37.1552674,2022-7-26,2022-6-1,0.2938,0.3720,0.4876,0.5519,0.5619,0.5813,0.5951,0.5986,0.6298,0.46920,0.099357208,0.112247431,0.774181638,0.204174057,-0.234575114,0.14902897,0.286504786,-0.31667124,-0.025398893,0.8,0.638,0.335,0.027,0.242159908,0.87 
3,127.4861837,37.1552674,2022-7-26,2022-9-24,0.2608,0.3358,0.4188,0.4668,0.4797,0.4986,0.4995,0.5049,0.6451,0.50010,0.091675676,0.163263077,0.769204573,0.198902285,-0.250007758,0.137506081,0.246227542,-0.26198927,-0.121913043,0.8,0.638,0.335,0.027,0.242159908,0.87 
3,127.4861837,37.1552674,2022-7-26,2022-10-19,0.2010,0.2578,0.3310,0.3639,0.3716,0.3921,0.4099,0.3992,0.5077,0.39870,0.09369863,0.164745103,0.770518416,0.196925203,-0.199307811,0.140538319,0.193449942,-0.20823814,-0.119638328,0.8,0.638,0.335,0.027,0.242159908,0.87 
3,127.4861837,37.1552674,2022-7-26,2022-10-29,0.2228,0.2726,0.3458,0.3898,0.4111,0.4265,0.4320,0.4303,0.5617,0.44480,0.107308286,0.164274731,0.779299869,0.246003186,-0.222352724,0.160952075,0.206336131,-0.231742397,-0.132459677,0.8,0.638,0.335,0.027,0.242159908,0.87 
3,127.4861837,37.1552674,2022-7-26,2022-6-11,0.2648,0.3276,0.4228,0.4661,0.4691,0.4944,0.5052,0.5192,0.5988,0.48780,0.102803738,0.131648936,0.776404365,0.226020361,-0.243865456,0.154197419,0.248588372,-0.276870727,-0.071198569,0.8,0.638,0.335,0.027,0.242159908,0.87 
4,127.4828685,37.1539711,2022-7-26,2022-6-1,0.2946,0.3728,0.4760,0.5347,0.5423,0.5666,0.5856,0.5909,0.6465,0.49690,0.110088296,0.119192727,0.781081491,0.233848118,-0.248419151,0.165124689,0.280844587,-0.320099084,-0.044932924,1,0.778,0.176,0.047,0.202504516,1.00 
4,127.4828685,37.1539711,2022-7-26,2022-9-24,0.2252,0.2844,0.3476,0.3903,0.4018,0.4186,0.4229,0.4289,0.5753,0.44790,0.097071237,0.175212052,0.772703848,0.216239316,-0.223902111,0.145597545,0.207988742,-0.225640209,-0.145787692,1,0.778,0.176,0.047,0.202504516,1.00 
4,127.4828685,37.1539711,2022-7-26,2022-10-19,0.2126,0.2674,0.3220,0.3570,0.3739,0.3890,0.3938,0.3921,0.4994,0.40430,0.07690195,0.15696185,0.759540618,0.178673984,-0.202110914,0.115345005,0.194889265,-0.194674043,-0.120358946,1,0.778,0.176,0.047,0.202504516,1.00 
4,127.4828685,37.1539711,2022-7-26,2022-10-29,0.2188,0.2670,0.3238,0.3550,0.3702,0.3827,0.3968,0.3951,0.5078,0.42000,0.10641277,0.149190466,0.778725092,0.278776319,-0.209954365,0.15960798,0.191010756,-0.212375184,-0.124820024,1,0.778,0.176,0.047,0.202504516,1.00 
4,127.4828685,37.1539711,2022-7-26,2022-6-11,0.2694,0.3282,0.4176,0.4684,0.4753,0.5015,0.5064,0.5263,0.6288,0.50870,0.110454689,0.140871076,0.781315998,0.244454821,-0.254310552,0.165673295,0.25022352,-0.285315836,-0.088736906,1,0.778,0.176,0.047,0.202504516,1.00 
5,127.4812562,37.1576694,2022-7-26,2022-6-1,0.2894,0.3458,0.3980,0.3928,0.4175,0.4433,0.4836,0.4638,0.5442,0.48300,0.102186312,0.11010776,0.776006644,0.322847061,-0.241463908,0.153270362,0.227696513,-0.24697826,-0.079761905,0.7,0.811,0.16,0.029,0.903583342,0.84 
5,127.4812562,37.1576694,2022-7-26,2022-10-29,0.1836,0.2114,0.2412,0.2565,0.2807,0.3083,0.3349,0.3344,0.4109,0.32900,0.186657204,0.109839619,0.828647816,0.716230937,-0.164443236,0.279960969,0.150863235,-0.200494455,-0.102643231,0.7,0.811,0.16,0.029,0.903583342,0.84 
5,127.4812562,37.1576694,2022-7-26,2022-6-11,0.2902,0.3524,0.3990,0.4094,0.4347,0.4433,0.4753,0.4573,0.5314,0.47740,0.108740453,0.104354769,0.780218209,0.35908727,-0.238663564,0.163100794,0.224192995,-0.247030359,-0.0749469,0.7,0.811,0.16,0.029,0.903583342,0.84 
6,127.489336,37.1402543,2022-7-26,2022-6-1,0.3386,0.4152,0.5136,0.4769,0.5372,0.5739,0.6208,0.5826,0.6558,0.51340,0.118985883,0.111665254,0.786756559,0.302224607,-0.256664633,0.178470255,0.277340387,-0.32108889,-0.059108527,0.7,0.68,0.303,0.017,0.253684437,1.07 
6,127.489336,37.1402543,2022-7-26,2022-9-24,0.2892,0.3626,0.4408,0.4050,0.4372,0.4792,0.5375,0.4939,0.5744,0.42580,0.11855962,0.120856113,0.786485613,0.302618648,-0.212861565,0.177829361,0.236577603,-0.271987522,-0.075353365,0.7,0.68,0.303,0.017,0.253684437,1.07 
6,127.489336,37.1402543,2022-7-26,2022-10-19,0.2554,0.3098,0.3820,0.3695,0.3960,0.4118,0.4758,0.4291,0.5450,0.41750,0.093805761,0.149990422,0.770587932,0.233369269,-0.208707917,0.140699675,0.209300268,-0.223898534,-0.118981624,0.7,0.68,0.303,0.017,0.253684437,1.07 
6,127.489336,37.1402543,2022-7-26,2022-10-29,0.2620,0.3188,0.3958,0.4507,0.4335,0.4410,0.4824,0.4543,0.6085,0.47120,0.08411884,0.16748044,0.764276678,0.205551344,-0.235554716,0.126170733,0.223662797,-0.23076745,-0.145088446,0.7,0.68,0.303,0.017,0.253684437,1.07 
7,127.5011897,37.1504977,2022-7-26,2022-10-19,0.1457,0.1457,0.1487,0.1751,0.1818,0.1796,0.1633,0.1812,0.2450,0.22450,0.063068348,0.09010101,0.750378803,-1.535714286,-0.112207856,0.094588649,0.096170202,-0.085351242,-0.149694979,0.65,0.662,0.325,0.014,0.529636629,0.47 
8,127.5006666,37.1508839,2022-7-26,2022-9-24,0.1434,0.1484,0.1518,0.1995,0.2207,0.2174,0.1808,0.2155,0.2619,0.25380,0.07803902,0.074274708,0.760288774,1.447124304,-0.126865225,0.117043891,0.1112117,-0.107389997,-0.097193129,0.6,0.674,0.326,0,0.247752968,0.52 
10,127.5143499,37.14533637,2022-8-27,2022-6-1,0.2282,0.2970,0.3874,0.4191,0.4523,0.4758,0.4788,0.4662,0.5297,0.43140,0.074317318,0.140303624,0.757837263,0.145729779,-0.215672517,0.111469555,0.229328268,-0.22942561,-0.063761422,0.621621622,0.291262136,0.708737864,0,0.801471949,0.30
10,127.5143499,37.14533637,2022-8-27,2022-9-24,0.1784,0.2278,0.2936,0.3215,0.3429,0.3515,0.3546,0.3540,0.4190,0.32380,0.088728279,0.145763255,0.767286309,0.18325605,-0.161865698,0.133082187,0.172338662,-0.182216644,-0.084087969,0.621621622,0.291262136,0.708737864,0,0.801471949,0.30
10,127.5143499,37.14533637,2022-8-27,2022-6-11,0.2176,0.2914,0.3980,0.4326,0.4623,0.4678,0.4640,0.4761,0.5346,0.42230,0.079224753,0.144804089,0.761068166,0.144046491,-0.211122707,0.118830396,0.231906317,-0.238196906,-0.057880677,0.621621622,0.291262136,0.708737864,0,0.801471949,0.30
11,127.5096228,37.14043306,2022-8-27,2022-6-1,0.2616,0.3254,0.4066,0.4643,0.4939,0.5175,0.5251,0.5240,0.6247,0.51200,0.112290384,0.139594602,0.782489862,0.250047268,-0.255960403,0.168426638,0.249612188,-0.28512308,-0.087664316,0.523809524,0.653731343,0.346268657,0,0.357592906,1.00
11,127.5096228,37.14043306,2022-8-27,2022-9-24,0.2356,0.2982,0.3600,0.4244,0.4482,0.4632,0.4719,0.4774,0.6116,0.47510,0.116463985,0.15936255,0.785152205,0.263687387,-0.237502744,0.174685764,0.226679558,-0.26187633,-0.123232323,0.523809524,0.653731343,0.346268657,0,0.357592906,1.00
11,127.5096228,37.14043306,2022-8-27,2022-10-19,0.2400,0.3048,0.3502,0.4432,0.4708,0.4845,0.4907,0.4978,0.5634,0.45190,0.145025877,0.110042735,0.80313503,0.375812124,-0.225909003,0.217526307,0.233081421,-0.285725211,-0.061816811,0.523809524,0.653731343,0.346268657,0,0.357592906,1.00
11,127.5096228,37.14043306,2022-8-27,2022-10-24,0.2830,0.3652,0.4038,0.5472,0.5873,0.5999,0.6064,0.6148,0.6991,0.53820,0.151850117,0.110115175,0.807372353,0.398338821,-0.269057219,0.227764508,0.287355069,-0.355967603,-0.064160134,0.523809524,0.653731343,0.346268657,0,0.357592906,1.00
11,127.5096228,37.14043306,2022-8-27,2022-10-29,0.2366,0.2888,0.3622,0.4010,0.4284,0.4454,0.4448,0.4566,0.5809,0.47370,0.121041002,0.14885286,0.788061547,0.303496676,-0.236802524,0.181550359,0.216831314,-0.252575666,-0.119807229,0.523809524,0.653731343,0.346268657,0,0.357592906,1.00
11,127.5096228,37.14043306,2022-8-27,2022-6-11,0.2420,0.3032,0.3876,0.4484,0.4852,0.5071,0.4908,0.5323,0.6147,0.49490,0.140805829,0.131146628,0.800503485,0.30436394,-0.247407901,0.211197428,0.245807906,-0.303780469,-0.071839582,0.523809524,0.653731343,0.346268657,0,0.357592906,1.00
12,127.5100907,37.14023002,2022-8-27,2022-6-1,0.2662,0.3330,0.3952,0.4571,0.4961,0.5140,0.5235,0.5283,0.6174,0.49890,0.114439405,0.128311123,0.783861853,0.271331399,-0.249411901,0.171650055,0.251747133,-0.288679829,-0.077769049,0.826086957,0.543010753,0.456989247,0,0.269737473,1.54
12,127.5100907,37.14023002,2022-8-27,2022-9-24,0.2250,0.2918,0.3526,0.4194,0.4611,0.4735,0.4789,0.4874,0.5925,0.46090,0.121233034,0.142907406,0.788183376,0.276205451,-0.230406803,0.181839094,0.230631192,-0.269706822,-0.097323826,0.826086957,0.543010753,0.456989247,0,0.269737473,1.54
12,127.5100907,37.14023002,2022-8-27,2022-10-19,0.2340,0.2936,0.3556,0.3990,0.4288,0.4346,0.4643,0.4472,0.5231,0.41780,0.115768463,0.119760097,0.784709158,0.307610713,-0.208861554,0.173641864,0.214840326,-0.244985459,-0.07822323,0.826086957,0.543010753,0.456989247,0,0.269737473,1.54
12,127.5100907,37.14023002,2022-8-27,2022-10-24,0.2644,0.3392,0.3952,0.4623,0.4928,0.5124,0.5243,0.5210,0.6164,0.45820,0.131133304,0.12880302,0.794438987,0.319475299,-0.22905747,0.196689281,0.246088349,-0.293105794,-0.083875506,0.826086957,0.543010753,0.456989247,0,0.269737473,1.54
12,127.5100907,37.14023002,2022-8-27,2022-10-29,0.2366,0.2920,0.3530,0.3873,0.4066,0.4180,0.4421,0.4296,0.5518,0.44780,0.09984639,0.150388387,0.774497508,0.257493728,-0.223855683,0.14976,0.20882018,-0.227524447,-0.124515998,0.826086957,0.543010753,0.456989247,0,0.269737473,1.54
12,127.5100907,37.14023002,2022-8-27,2022-6-11,0.2484,0.3030,0.3664,0.4392,0.4822,0.5062,0.5035,0.5212,0.5951,0.47880,0.138364093,0.121868269,0.798976904,0.320662077,-0.239359462,0.207534808,0.242231739,-0.296418958,-0.066200842,0.826086957,0.543010753,0.456989247,0,0.269737473,1.54
13,127.5115348,37.13953628,2022-8-27,2022-6-1,0.2790,0.3556,0.4456,0.4921,0.5308,0.5437,0.5540,0.5578,0.6408,0.52280,0.100197239,0.122193238,0.774723976,0.243563312,-0.261366348,0.150288447,0.27074677,-0.295672384,-0.069247455,0.432432432,0.373239437,0.626760563,0,0.173962088,0.90
13,127.5115348,37.13953628,2022-8-27,2022-9-24,0.2500,0.3214,0.3962,0.4477,0.4617,0.4777,0.4801,0.4852,0.5969,0.45350,0.080623608,0.14640931,0.761986619,0.188032412,-0.226713537,0.120928679,0.240276269,-0.243836066,-0.10322521,0.432432432,0.373239437,0.626760563,0,0.173962088,0.90
13,127.5115348,37.13953628,2022-8-27,2022-10-19,0.2070,0.2562,0.3198,0.3554,0.3736,0.3818,0.4030,0.3952,0.4798,0.37550,0.082443166,0.142296369,0.763179642,0.192751025,-0.187714462,0.123656282,0.194831095,-0.199729796,-0.096685714,0.432432432,0.373239437,0.626760563,0,0.173962088,0.90
13,127.5115348,37.13953628,2022-8-27,2022-10-24,0.2252,0.2904,0.3392,0.4200,0.4436,0.4489,0.4696,0.4578,0.5566,0.40560,0.100745371,0.143313471,0.775077655,0.231325567,-0.202760761,0.151108974,0.222330097,-0.242973228,-0.097397476,0.432432432,0.373239437,0.626760563,0,0.173962088,0.90
13,127.5115348,37.13953628,2022-8-27,2022-10-29,0.2368,0.2954,0.3500,0.4092,0.4201,0.4386,0.4363,0.4417,0.5690,0.45830,0.085658105,0.157583959,0.765283023,0.204867439,-0.229108134,0.128479263,0.217551961,-0.22538696,-0.12595231,0.432432432,0.373239437,0.626760563,0,0.173962088,0.90
13,127.5115348,37.13953628,2022-8-27,2022-6-11,0.2952,0.3766,0.4804,0.5240,0.5721,0.5982,0.5869,0.6013,0.6608,0.54210,0.11828157,0.109546854,0.786308826,0.282729495,-0.271017101,0.177414106,0.286048026,-0.330967655,-0.047143649,0.432432432,0.373239437,0.626760563,0,0.173962088,0.90
14,127.5135122,37.13302932,2022-8-27,2022-6-1,0.3010,0.3812,0.4804,0.5331,0.5557,0.5744,0.5916,0.5903,0.6858,0.50250,0.09284458,0.133191981,0.769964012,0.206863837,-0.251216698,0.139260425,0.287052363,-0.307251293,-0.074837395,0.4,0.360341151,0.575692964,0.063965885,0.341525814,1.46
14,127.5135122,37.13302932,2022-8-27,2022-9-24,0.3010,0.3900,0.4696,0.5113,0.5273,0.5380,0.5499,0.5386,0.6996,0.48730,0.070137095,0.164339848,0.755074232,0.160279695,-0.243610332,0.105200417,0.270333993,-0.26106062,-0.130027459,0.4,0.360341151,0.575692964,0.063965885,0.341525814,1.46
14,127.5135122,37.13302932,2022-8-27,2022-10-19,0.2272,0.2906,0.3610,0.3891,0.4077,0.4144,0.4340,0.4179,0.5415,0.38280,0.065391969,0.162963437,0.751925508,0.150908984,-0.191361484,0.098081703,0.210169831,-0.198802224,-0.128830519,0.4,0.360341151,0.575692964,0.063965885,0.341525814,1.46
14,127.5135122,37.13302932,2022-8-27,2022-10-29,0.2686,0.3408,0.4208,0.4619,0.4733,0.4877,0.5027,0.4872,0.6484,0.48110,0.069828722,0.169731027,0.754870003,0.162884803,-0.240508064,0.104737333,0.24406328,-0.235869944,-0.141951391,0.4,0.360341151,0.575692964,0.063965885,0.341525814,1.46
14,127.5135122,37.13302932,2022-8-27,2022-6-11,0.3420,0.4228,0.5220,0.5663,0.5731,0.5951,0.5926,0.6004,0.7660,0.59840,0.065767285,0.15487042,0.752175036,0.158529802,-0.299162906,0.09864655,0.302408938,-0.286068416,-0.121194379,0.4,0.360341151,0.575692964,0.063965885,0.341525814,1.46
15,127.5370585,37.11810618,2022-8-27,2022-6-1,0.2462,0.2904,0.3496,0.3895,0.4206,0.4352,0.4421,0.4397,0.4942,0.38710,0.107975306,0.102919186,0.779727712,0.311727048,-0.193516946,0.161952756,0.212976937,-0.237140619,-0.058357426,0.5,0.171134021,0.828865979,0,0.12088617,0.81
16,127.5376574,37.11763538,2022-8-27,2022-6-1,0.2310,0.2732,0.3260,0.3731,0.4165,0.4427,0.4247,0.4372,0.4680,0.37490,0.117872667,0.086753108,0.786048769,0.348029594,-0.187419745,0.176797699,0.209875235,-0.240455523,-0.03402563,0.476190476,0.524050633,0.235443038,0.240506329,0.212220853,0.48
17,127.5366973,37.11976759,2022-8-27,2022-6-1,0.4156,0.4768,0.5576,0.6381,0.6370,0.6356,0.6413,0.6447,0.7988,0.70060,0.040090344,0.100165759,0.734908392,0.248475152,-0.350270758,0.060133091,0.343864699,-0.267127957,-0.106754416,0.333333333,0.425531915,0.455319149,0.119148936,0.616113259,1.01
17,127.5366973,37.11976759,2022-8-27,2022-9-24,0.3552,0.3984,0.4588,0.5574,0.5695,0.5585,0.5197,0.5628,0.7213,0.61170,0.044931303,0.10770472,0.738194624,0.298913043,-0.305816516,0.067393827,0.299087538,-0.241067497,-0.123432754,0.333333333,0.425531915,0.455319149,0.119148936,0.616113259,1.01
17,127.5366973,37.11976759,2022-8-27,2022-10-19,0.3206,0.3822,0.4344,0.5348,0.5442,0.5354,0.5100,0.5405,0.6886,0.62390,0.029719947,0.103140252,0.727818622,0.225498699,-0.311920067,0.044577797,0.293334309,-0.204776239,-0.120494671,0.333333333,0.425531915,0.455319149,0.119148936,0.616113259,1.01
17,127.5366973,37.11976759,2022-8-27,2022-10-24,0.3316,0.4164,0.5152,0.6053,0.6064,0.6245,0.6351,0.6290,0.8106,0.63400,0.065289186,0.135747926,0.751857158,0.218537415,-0.316962028,0.097929633,0.320820971,-0.299108604,-0.126146152,0.333333333,0.425531915,0.455319149,0.119148936,0.616113259,1.01
17,127.5366973,37.11976759,2022-8-27,2022-10-29,0.3888,0.4264,0.4688,0.5425,0.5382,0.5442,0.5271,0.5450,0.7181,0.66280,0.0339594,0.107921462,0.730725257,0.323923272,-0.331365961,0.050936685,0.295097583,-0.214961595,-0.137043781,0.333333333,0.425531915,0.455319149,0.119148936,0.616113259,1.01
18,127.5361816,37.12031974,2022-8-27,2022-6-1,0.3602,0.4432,0.5232,0.5670,0.5822,0.6045,0.6107,0.6153,0.7851,0.62620,0.069900887,0.145336226,0.754917801,0.191055558,-0.313062094,0.104846772,0.310285306,-0.297973828,-0.121251071,0.8,0.378109453,0.534825871,0.087064677,0.384084776,1.28
18,127.5361816,37.12031974,2022-8-27,2022-9-24,0.2804,0.3400,0.4074,0.4477,0.4628,0.4790,0.4871,0.4905,0.6638,0.48870,0.086860182,0.166856461,0.766068001,0.222613436,-0.244303216,0.130283055,0.242416148,-0.251160167,-0.150134281,0.8,0.378109453,0.534825871,0.087064677,0.384084776,1.28
18,127.5361816,37.12031974,2022-8-27,2022-10-19,0.2238,0.2860,0.3596,0.3877,0.4023,0.4090,0.4401,0.4264,0.5673,0.42220,0.078674424,0.173026067,0.76070653,0.175815479,-0.211056398,0.118004174,0.210637733,-0.212949236,-0.141793298,0.8,0.378109453,0.534825871,0.087064677,0.384084776,1.28
18,127.5361816,37.12031974,2022-8-27,2022-10-24,0.2788,0.3664,0.4648,0.5018,0.5161,0.5460,0.5730,0.5607,0.7732,0.55520,0.098550157,0.191824507,0.773660233,0.20049426,-0.27754923,0.147817995,0.269927667,-0.296047994,-0.159307294,0.8,0.378109453,0.534825871,0.087064677,0.384084776,1.28
18,127.5361816,37.12031974,2022-8-27,2022-10-29,0.2712,0.3348,0.4084,0.4362,0.4409,0.4640,0.4839,0.4724,0.6612,0.50320,0.075224764,0.178516229,0.758435735,0.189387428,-0.251552248,0.112830725,0.235654514,-0.233211747,-0.166549047,0.8,0.378109453,0.534825871,0.087064677,0.384084776,1.28
18,127.5361816,37.12031974,2022-8-27,2022-6-11,0.3402,0.4240,0.4976,0.5545,0.5865,0.6100,0.5987,0.6174,0.7724,0.60650,0.10141825,0.13567392,0.775511605,0.28822754,-0.303207891,0.15212059,0.302795657,-0.328199265,-0.111526838,0.8,0.378109453,0.534825871,0.087064677,0.384084776,1.28
19,127.5360454,37.1194835,2022-8-27,2022-6-1,0.3608,0.4356,0.5224,0.5656,0.5849,0.6050,0.6082,0.6151,0.7895,0.63390,0.074035272,0.147901718,0.757651154,0.199529412,-0.316910724,0.11104806,0.308335665,-0.302408342,-0.124163463,0.307692308,0.433333333,0.566666667,0,0.653827115,1.08
19,127.5360454,37.1194835,2022-8-27,2022-9-24,0.2676,0.3302,0.3990,0.4322,0.4517,0.4640,0.4715,0.4830,0.6400,0.47230,0.095610752,0.159651669,0.771758221,0.247199578,-0.236103543,0.143407995,0.236644877,-0.253184627,-0.139804096,0.307692308,0.433333333,0.566666667,0,0.653827115,1.08
19,127.5360454,37.1194835,2022-8-27,2022-10-19,0.2412,0.2962,0.3832,0.3859,0.4044,0.4133,0.4633,0.4248,0.5477,0.40920,0.062531266,0.164552168,0.750020843,0.139477795,-0.204562519,0.093791034,0.212704743,-0.199654637,-0.126375321,0.307692308,0.433333333,0.566666667,0,0.653827115,1.08
19,127.5360454,37.1194835,2022-8-27,2022-10-24,0.2910,0.3806,0.4788,0.5273,0.5377,0.5659,0.5945,0.5794,0.7734,0.54070,0.0893025,0.182031764,0.767660407,0.182215743,-0.27030405,0.133947455,0.281809179,-0.298725425,-0.143406268,0.307692308,0.433333333,0.566666667,0,0.653827115,1.08
19,127.5360454,37.1194835,2022-8-27,2022-10-29,0.2814,0.3448,0.4256,0.4518,0.4576,0.4741,0.5063,0.4961,0.6689,0.50800,0.089371981,0.168553866,0.76770566,0.220560342,-0.253953087,0.134050612,0.243560485,-0.255823818,-0.14832618,0.307692308,0.433333333,0.566666667,0,0.653827115,1.08
19,127.5360454,37.1194835,2022-8-27,2022-6-11,0.3210,0.4006,0.4728,0.5316,0.5708,0.5972,0.5836,0.6126,0.7452,0.57490,0.127865231,0.132964633,0.792379474,0.329646858,-0.287405455,0.191789018,0.29115999,-0.342844335,-0.097657976,0.307692308,0.433333333,0.566666667,0,0.653827115,1.08
20,127.5230451,37.12571287,2022-8-27,2022-6-1,0.2722,0.3206,0.3662,0.3905,0.4363,0.4484,0.4692,0.4599,0.4782,0.39430,0.12568841,0.069791266,0.791004684,0.424766316,-0.197121035,0.188521079,0.22040218,-0.256453069,-0.019507515,0.452380952,0.507751938,0.492248062,0,0.482368279,0.09
21,127.523421,37.125635,2022-8-27,2022-6-1,0.2628,0.3116,0.3562,0.3847,0.4140,0.4346,0.4418,0.4403,0.4849,0.40020,0.099925056,0.088894615,0.774548292,0.333083521,-0.200070519,0.149878224,0.216480541,-0.233235217,-0.048205793,0.846153846,0.512676056,0.487323944,0,0.117450104,0.51
22,127.5230682,37.12507878,2022-8-27,2022-6-1,0.2416,0.2870,0.3354,0.3637,0.4000,0.4139,0.4200,0.4141,0.4514,0.36820,0.106331819,0.089560516,0.778673115,0.330729599,-0.184070254,0.159487077,0.201492768,-0.222550303,-0.043096476,0.475,0.444700461,0.555299539,0,0.271932251,0.30
23,127.5237643,37.12612157,2022-8-27,2022-6-1,0.2524,0.3008,0.3476,0.3701,0.4197,0.4354,0.4426,0.4341,0.4800,0.38200,0.116799588,0.095396487,0.785365895,0.348962337,-0.190966796,0.175188115,0.208816759,-0.23827271,-0.050213325,0.586956522,0.653526971,0.346473029,0,0.162797873,0.64
24,127.5249595,37.12756278,2022-8-27,2022-6-1,0.3014,0.3778,0.4720,0.5049,0.5236,0.5512,0.5720,0.5569,0.6681,0.54530,0.090570841,0.143477383,0.768486071,0.199715001,-0.27261403,0.135849611,0.270917655,-0.288119429,-0.09077551,0.714285714,0.484210526,0.421052632,0.094736842,0.613036167,1.51
24,127.5249595,37.12756278,2022-8-27,2022-9-24,0.2196,0.2754,0.3508,0.3915,0.4054,0.4251,0.4383,0.4343,0.5779,0.43090,0.112021508,0.1758647,0.782318035,0.239936383,-0.215400022,0.168021507,0.206255163,-0.236184055,-0.141869196,0.714285714,0.484210526,0.421052632,0.094736842,0.613036167,1.51
24,127.5249595,37.12756278,2022-8-27,2022-10-19,0.2180,0.2748,0.3524,0.3736,0.3873,0.4066,0.4279,0.4067,0.5126,0.41160,0.070967742,0.160675966,0.755624074,0.153064122,-0.205763073,0.106444605,0.201688412,-0.197737694,-0.115196345,0.714285714,0.484210526,0.421052632,0.094736842,0.613036167,1.51
24,127.5249595,37.12756278,2022-8-27,2022-10-29,0.1996,0.2412,0.3022,0.3181,0.3302,0.3475,0.3697,0.3551,0.4552,0.35210,0.093624885,0.15059871,0.77047056,0.239558708,-0.17600707,0.140426515,0.172844664,-0.1851963,-0.123534493,0.714285714,0.484210526,0.421052632,0.094736842,0.613036167,1.51
25,127.5239128,37.12716028,2022-8-27,2022-6-1,0.3248,0.4172,0.4852,0.4967,0.5174,0.5305,0.6003,0.5454,0.6348,0.49630,0.109438568,0.123141361,0.780665465,0.273847094,-0.24811327,0.164149504,0.262980356,-0.295053871,-0.075749873,0.642857143,0.354527938,0.535645472,0.10982659,0.327817069,1.26
25,127.5239128,37.12716028,2022-8-27,2022-10-19,0.2172,0.2758,0.3536,0.3829,0.4059,0.4156,0.4397,0.4228,0.5081,0.37830,0.102477184,0.144872053,0.776194037,0.222134298,-0.189111544,0.153705756,0.202824916,-0.225292845,-0.091631754,0.642857143,0.354527938,0.535645472,0.10982659,0.327817069,1.26
25,127.5239128,37.12716028,2022-8-27,2022-10-29,0.2438,0.3036,0.3868,0.4072,0.4226,0.4411,0.4709,0.4505,0.5467,0.41970,0.100659663,0.142571661,0.775022363,0.231668916,-0.209810957,0.150980272,0.216992132,-0.239050657,-0.096470116,0.642857143,0.354527938,0.535645472,0.10982659,0.327817069,1.26
25,127.5239128,37.12716028,2022-8-27,2022-6-11,0.3294,0.4120,0.4704,0.4982,0.5377,0.5668,0.6236,0.5798,0.6458,0.50110,0.151539225,0.102435015,0.807179797,0.40602384,-0.250509258,0.227297552,0.269072696,-0.335573331,-0.053851175,0.642857143,0.354527938,0.535645472,0.10982659,0.327817069,1.26
26,127.524152,37.12687745,2022-8-27,2022-6-1,0.3182,0.4012,0.4860,0.5096,0.5420,0.5929,0.5907,0.5809,0.6733,0.53980,0.076338707,0.126514132,0.759169748,0.18487772,-0.269870168,0.114502756,0.289154451,-0.287873844,-0.073672461,0.666666667,0.375,0.4609375,0.1640625,0.108086878,1.61
26,127.524152,37.12687745,2022-8-27,2022-9-24,0.2232,0.2990,0.3700,0.4105,0.4111,0.4354,0.4563,0.4550,0.5223,0.38050,0.094144523,0.134384858,0.770807708,0.199175824,-0.190217612,0.141208296,0.221111116,-0.237620821,-0.068863195,0.666666667,0.375,0.4609375,0.1640625,0.108086878,1.61
26,127.524152,37.12687745,2022-8-27,2022-10-19,0.2130,0.2658,0.3416,0.3710,0.3796,0.3894,0.4107,0.4027,0.4670,0.33900,0.075300401,0.135893855,0.758485597,0.163839182,-0.169470322,0.112943061,0.198876349,-0.198851681,-0.07393354,0.666666667,0.375,0.4609375,0.1640625,0.108086878,1.61
26,127.524152,37.12687745,2022-8-27,2022-10-29,0.2300,0.2802,0.3522,0.3930,0.4200,0.4268,0.4157,0.4330,0.5255,0.40340,0.094401618,0.138697417,0.77097446,0.228678136,-0.201662168,0.141593479,0.210642166,-0.226279231,-0.096504956,0.666666667,0.375,0.4609375,0.1640625,0.108086878,1.61
27,127.5243353,37.12714944,2022-8-27,2022-6-1,0.2988,0.3754,0.4696,0.5086,0.5182,0.5407,0.5464,0.5439,0.6623,0.53360,0.072569513,0.146008297,0.756683232,0.165015022,-0.266766099,0.108848903,0.270161536,-0.266007062,-0.098159509,0.5,0.368627451,0.564705882,0.066666667,0.550379352,1.39
27,127.5243353,37.12714944,2022-8-27,2022-9-24,0.2152,0.2712,0.3320,0.3597,0.3910,0.4024,0.4152,0.4191,0.5294,0.39300,0.116260487,0.155042918,0.785022603,0.263507395,-0.196454116,0.17437912,0.199038037,-0.229804816,-0.116288877,0.5,0.368627451,0.564705882,0.066666667,0.550379352,1.39
27,127.5243353,37.12714944,2022-8-27,2022-10-19,0.1912,0.2400,0.2956,0.3089,0.3191,0.3342,0.3546,0.3434,0.4219,0.31660,0.083793593,0.144924041,0.764063867,0.197677016,-0.158263049,0.125680473,0.168784376,-0.174259878,-0.102574154,0.5,0.368627451,0.564705882,0.066666667,0.550379352,1.39
27,127.5243353,37.12714944,2022-8-27,2022-10-29,0.2252,0.2706,0.3308,0.3480,0.3603,0.3749,0.4010,0.3869,0.4717,0.36970,0.081481481,0.136224888,0.762549331,0.209005521,-0.184814243,0.122213682,0.19136957,-0.194954929,-0.098765432,0.5,0.368627451,0.564705882,0.066666667,0.550379352,1.39
27,127.5243353,37.12714944,2022-8-27,2022-6-11,0.2898,0.3654,0.4500,0.5079,0.5512,0.5812,0.5728,0.5971,0.6607,0.52960,0.129908222,0.114703542,0.793667577,0.295905172,-0.264764144,0.194853115,0.280277414,-0.335272066,-0.050564478,0.5,0.368627451,0.564705882,0.066666667,0.550379352,1.39
28,127.5368047,37.12694073,2022-8-27,2022-6-1,0.2198,0.2482,0.2692,0.3049,0.3192,0.3259,0.3172,0.3312,0.3490,0.29460,0.08129285,0.064325511,0.762425636,0.358582949,-0.147278557,0.121929323,0.167175719,-0.16678736,-0.026168774,0.586956522,0.489156627,0.510843373,0,0.293457852,0.51
29,127.5368779,37.12666186,2022-8-27,2022-6-1,0.2174,0.2442,0.2770,0.3031,0.3128,0.3204,0.3255,0.3245,0.3461,0.28830,0.071487535,0.069018405,0.755967946,0.310795291,-0.144129311,0.107222452,0.165087159,-0.15807183,-0.032209961,1.065217391,0.214285714,0.785714286,0,0.34280775,0.68
30,127.5364356,37.12718173,2022-8-27,2022-6-1,0.2258,0.2482,0.2826,0.2864,0.3051,0.3137,0.3237,0.3189,0.3389,0.29160,0.070852921,0.065144044,0.755548093,0.331032319,-0.145779795,0.106270461,0.162966373,-0.154979069,-0.030404378,0.622222222,0.633333333,0.366666667,0,0.653689539,0.65
31,127.5370937,37.1274953,2022-8-27,2022-6-1,0.2126,0.2402,0.2716,0.2957,0.3253,0.3377,0.3291,0.3396,0.3573,0.30040,0.094601128,0.062692532,0.771103837,0.418866847,-0.150176061,0.141890259,0.169143338,-0.177555568,-0.025398192,0.555555556,0.368831169,0.631168831,0,0.382495852,0.66
32,127.5380458,37.12706827,2022-8-27,2022-6-1,0.2152,0.2466,0.2822,0.3042,0.3243,0.3321,0.3396,0.3401,0.3689,0.31540,0.087102445,0.079943899,0.766226106,0.322447048,-0.157674549,0.130643228,0.169538517,-0.174262156,-0.040620592,0.5,0.479564033,0.520435967,0,0.16039996,0.90
33,127.5376091,37.12706339,2022-8-27,2022-6-1,0.2366,0.2636,0.2972,0.3007,0.3188,0.3306,0.3502,0.3431,0.3654,0.31180,0.08748019,0.068181818,0.766472563,0.373376623,-0.155876278,0.131209888,0.171632689,-0.175988192,-0.031474947,0.625,0.595057034,0.404942966,0,0.109006014,1.27
34,127.5380375,37.12736807,2022-8-27,2022-6-1,0.2282,0.2622,0.2960,0.3165,0.3384,0.3551,0.3703,0.3587,0.3894,0.33460,0.093597561,0.077514514,0.770452829,0.362370161,-0.16727318,0.140385641,0.178070816,-0.187060827,-0.041037294,0.75862069,0.405333333,0.448,0.146666667,0.306454136,1.32
35,127.5239773,37.27107962,2022-10-15,2022-9-24,0.1780,0.2324,0.3254,0.3612,0.3875,0.4020,0.4026,0.4019,0.4956,0.37910,0.10260631,0.171436708,0.776277212,0.184309087,-0.189509042,0.15389891,0.189882297,-0.214217914,-0.104401114,0.466666667,0.165562914,0.834437086,0,0.460270679,1.00 
35,127.5239773,37.27107962,2022-10-15,2022-10-19,0.1947,0.2548,0.3526,0.3905,0.4044,0.4174,0.4443,0.4224,0.5113,0.41140,0.100286533,0.162967488,0.774781603,0.185381356,-0.205661275,0.150420004,0.200508565,-0.223942783,-0.095212595,0.466666667,0.165562914,0.834437086,0,0.460270679,1.00 
35,127.5239773,37.27107962,2022-10-15,2022-10-24,0.2462,0.3238,0.4364,0.4895,0.5111,0.5246,0.5438,0.5378,0.6364,0.48700,0.106470528,0.153709391,0.778762177,0.201095827,-0.243462253,0.159697578,0.254873295,-0.289123675,-0.083972066,0.466666667,0.165562914,0.834437086,0,0.460270679,1.00 
35,127.5239773,37.27107962,2022-10-15,2022-10-29,0.2022,0.2646,0.3652,0.4053,0.4211,0.4301,0.4466,0.4380,0.5496,0.44370,0.096644967,0.172666967,0.772427969,0.180264325,-0.221808528,0.144958378,0.208948779,-0.230186147,-0.113001215,0.466666667,0.165562914,0.834437086,0,0.460270679,1.00 
36,127.5231857,37.27036738,2022-10-15,2022-9-24,0.2222,0.2882,0.3688,0.4071,0.4291,0.4384,0.4441,0.4502,0.5477,0.40720,0.099658036,0.155266973,0.774375901,0.201302546,-0.203560912,0.149477926,0.216407537,-0.238329452,-0.097705181,0.5,0.636792453,0.325471698,0.037735849,0.228322348,0.86 
36,127.5231857,37.27036738,2022-10-15,2022-10-19,0.2184,0.2786,0.3436,0.4041,0.4240,0.4389,0.4471,0.4417,0.5187,0.40320,0.107433872,0.140714658,0.779380441,0.225811551,-0.201562803,0.161140708,0.211161471,-0.23794618,-0.080174927,0.5,0.636792453,0.325471698,0.037735849,0.228322348,0.86 
36,127.5231857,37.27036738,2022-10-15,2022-10-24,0.2962,0.3742,0.4408,0.5203,0.5592,0.5746,0.5732,0.5862,0.6636,0.48880,0.118915824,0.121554946,0.786712033,0.272611911,-0.244364098,0.178365224,0.279242987,-0.323031733,-0.061929909,0.5,0.636792453,0.325471698,0.037735849,0.228322348,0.86 
36,127.5231857,37.27036738,2022-10-15,2022-10-29,0.2498,0.3266,0.3946,0.4553,0.4699,0.4791,0.4972,0.4882,0.5886,0.47180,0.102653868,0.14926852,0.776307843,0.214366569,-0.235861197,0.153972108,0.234797542,-0.260249737,-0.093239227,0.5,0.636792453,0.325471698,0.037735849,0.228322348,0.86 
37,127.5211756,37.26915175,2022-10-15,2022-9-24,0.2596,0.3370,0.4204,0.4645,0.4784,0.4945,0.4926,0.4911,0.6236,0.44570,0.07544071,0.166341382,0.758578084,0.156391865,-0.222811488,0.113154869,0.243003461,-0.242624602,-0.118866063,0.833333333,0.660649819,0.303249097,0.036101083,0.434573173,0.85 
37,127.5211756,37.26915175,2022-10-15,2022-10-19,0.2714,0.3418,0.4038,0.4570,0.4686,0.4826,0.4971,0.4922,0.5863,0.46050,0.089781911,0.131416255,0.767972598,0.223379056,-0.230214872,0.134665412,0.242831311,-0.254098106,-0.087250811,0.833333333,0.660649819,0.303249097,0.036101083,0.434573173,0.85 
37,127.5211756,37.26915175,2022-10-15,2022-10-29,0.2974,0.3740,0.4284,0.4813,0.4877,0.5020,0.5167,0.5104,0.6288,0.50230,0.081928988,0.136451199,0.762842702,0.218275258,-0.251113145,0.122886969,0.255205871,-0.257548694,-0.103932584,0.833333333,0.660649819,0.303249097,0.036101083,0.434573173,0.85 
38,127.5203222,37.26949045,2022-10-15,2022-9-24,0.1965,0.2636,0.3684,0.4126,0.4233,0.4371,0.4456,0.4417,0.5532,0.40650,0.089944479,0.182657773,0.768078433,0.153363908,-0.203210004,0.134908396,0.211100971,-0.228126649,-0.112071565,0.566666667,0.452173913,0.547826087,0,1.027600172,1.08 
38,127.5203222,37.26949045,2022-10-15,2022-10-19,0.2136,0.2844,0.3798,0.4260,0.4440,0.4565,0.4686,0.4580,0.5555,0.43230,0.093209214,0.165389647,0.770200762,0.170041367,-0.216112459,0.139805478,0.219626051,-0.238611016,-0.096201283,0.566666667,0.452173913,0.547826087,0,1.027600172,1.08 
38,127.5203222,37.26949045,2022-10-15,2022-10-29,0.2204,0.2910,0.3832,0.4351,0.4542,0.4693,0.4627,0.4673,0.5890,0.46660,0.089404359,0.170790008,0.767726748,0.172398292,-0.233259498,0.134098724,0.225984879,-0.240992796,-0.115213481,0.566666667,0.452173913,0.547826087,0,1.027600172,1.08 
39,127.5194183,37.27284545,2022-10-15,2022-9-24,0.2324,0.3082,0.3662,0.4194,0.4672,0.4897,0.5257,0.4922,0.5611,0.42160,0.146384069,0.125454987,0.803980142,0.321713759,-0.210758047,0.219563319,0.227397618,-0.283015867,-0.065413462,0.566666667,0.676724138,0.323275862,0,0.381629271,0.88 
39,127.5194183,37.27284545,2022-10-15,2022-10-19,0.2266,0.2890,0.3508,0.4076,0.4410,0.4576,0.4804,0.4657,0.5427,0.42580,0.120279047,0.130131874,0.787577963,0.275103164,-0.212861035,0.180407721,0.221413133,-0.257259137,-0.076358588,0.566666667,0.676724138,0.323275862,0,0.381629271,0.88 
39,127.5194183,37.27284545,2022-10-15,2022-10-29,0.2422,0.3066,0.3610,0.4336,0.4531,0.4706,0.4743,0.4810,0.5708,0.45370,0.11977651,0.132474042,0.787258859,0.284112872,-0.226809389,0.179654309,0.228926143,-0.265471202,-0.085377448,0.566666667,0.676724138,0.323275862,0,0.381629271,0.88 
40,127.5188569,37.27338611,2022-10-15,2022-9-24,0.2918,0.3686,0.4540,0.4922,0.5066,0.5192,0.5381,0.5266,0.6532,0.45840,0.086221122,0.149297547,0.765650783,0.199294364,-0.229161653,0.129325014,0.259575896,-0.269151996,-0.107306323,0.6,0.638376384,0.361623616,0,0.761300374,0.69 
40,127.5188569,37.27338611,2022-10-15,2022-10-19,0.2372,0.2988,0.3488,0.3988,0.4276,0.4430,0.4612,0.4500,0.5067,0.37190,0.131079553,0.106510028,0.794405156,0.353775185,-0.185912229,0.196606975,0.213944048,-0.253137713,-0.059266228,0.6,0.638376384,0.361623616,0,0.761300374,0.69 
40,127.5188569,37.27338611,2022-10-15,2022-10-29,0.2470,0.3170,0.3600,0.4142,0.4464,0.4572,0.4686,0.4634,0.5420,0.40720,0.127356769,0.114382926,0.792058564,0.362183479,-0.203559303,0.191023536,0.222786198,-0.259122027,-0.07817784,0.6,0.638376384,0.361623616,0,0.761300374,0.69 
41,127.5184789,37.27395303,2022-10-15,2022-9-24,0.2160,0.2820,0.3574,0.4252,0.4447,0.4627,0.4409,0.4588,0.5702,0.41520,0.091990956,0.160397488,0.769409485,0.188647013,-0.207560349,0.137978223,0.222426362,-0.238265519,-0.108260447,0.633333333,0.55033557,0.44966443,0,0.112093899,0.61 
41,127.5184789,37.27395303,2022-10-15,2022-10-19,0.2410,0.3082,0.3856,0.4172,0.4449,0.4486,0.4817,0.4638,0.5377,0.41570,0.110898204,0.130683585,0.781599772,0.249300022,-0.207813366,0.166337345,0.221670699,-0.251658089,-0.073789316,0.633333333,0.55033557,0.44966443,0,0.112093899,0.61 
41,127.5184789,37.27395303,2022-10-15,2022-10-29,0.2630,0.3292,0.4076,0.4429,0.4565,0.4721,0.4979,0.4779,0.5801,0.44870,0.095598349,0.141017386,0.771750186,0.225040475,-0.224311916,0.143389306,0.232893383,-0.250503229,-0.096597353,0.633333333,0.55033557,0.44966443,0,0.112093899,0.61 
42,127.5220381,37.26977395,2022-10-15,2022-9-24,0.2046,0.2804,0.3880,0.4265,0.4406,0.4561,0.4650,0.4592,0.5783,0.43000,0.09502802,0.181812573,0.771380593,0.165071869,-0.214958493,0.142533532,0.218850758,-0.240354639,-0.114795181,0.6,0.666666667,0.323024055,0.010309278,0.077414945,1.04 
42,127.5220381,37.26977395,2022-10-15,2022-10-19,0.2204,0.2986,0.3910,0.4296,0.4478,0.4640,0.4972,0.4640,0.5546,0.43840,0.095114468,0.15773883,0.771436626,0.178872614,-0.219163501,0.142663284,0.223188124,-0.242920377,-0.088945612,0.6,0.666666667,0.323024055,0.010309278,0.077414945,1.04 
42,127.5220381,37.26977395,2022-10-15,2022-10-29,0.2400,0.3276,0.4140,0.4487,0.4575,0.4840,0.5040,0.4741,0.5903,0.47630,0.089133931,0.16409107,0.767550605,0.177257983,-0.238110726,0.133693218,0.231473209,-0.244317799,-0.109169485,0.6,0.666666667,0.323024055,0.010309278,0.077414945,1.04 
43,127.5227096,37.26934572,2022-10-15,2022-9-24,0.1830,0.2386,0.3210,0.3573,0.3733,0.3856,0.3999,0.3931,0.4863,0.37910,0.099272931,0.166522367,0.774127206,0.188418874,-0.189509382,0.148898986,0.187328597,-0.207908584,-0.105981351,0.7,0.365,0.61,0.025,0.102382171,1.04 
43,127.5227096,37.26934572,2022-10-15,2022-10-19,0.1942,0.2498,0.3320,0.3574,0.3717,0.3868,0.4153,0.3937,0.4895,0.39960,0.102646688,0.161396716,0.776303219,0.207542896,-0.199758247,0.153959252,0.188051497,-0.209866012,-0.108469203,0.7,0.365,0.61,0.025,0.102382171,1.04 
43,127.5227096,37.26934572,2022-10-15,2022-10-29,0.2036,0.2698,0.3508,0.3753,0.3875,0.3952,0.4305,0.4083,0.5140,0.41870,0.095813205,0.165137615,0.771889373,0.194169477,-0.209308378,0.143710164,0.196761542,-0.214132814,-0.114604792,0.7,0.365,0.61,0.025,0.102382171,1.04 
44,127.523696,37.26914646,2022-10-15,2022-9-24,0.1766,0.2324,0.3260,0.3467,0.3652,0.3805,0.4011,0.3902,0.4574,0.36620,0.110731568,0.155508856,0.781493166,0.20016466,-0.183062333,0.166085533,0.182636603,-0.211647405,-0.079282681,0.633333333,0.326923077,0.673076923,0,0.705703174,0.96 
44,127.523696,37.26914646,2022-10-15,2022-10-19,0.1943,0.2616,0.3632,0.3744,0.3952,0.4024,0.4453,0.4039,0.4795,0.40030,0.095916429,0.160254122,0.771956235,0.173123072,-0.200114001,0.143864885,0.192203509,-0.211879676,-0.085578447,0.633333333,0.326923077,0.673076923,0,0.705703174,0.96 
44,127.523696,37.26914646,2022-10-15,2022-10-29,0.2098,0.2726,0.3756,0.3910,0.4058,0.4246,0.4431,0.4192,0.5145,0.42490,0.08798339,0.166195286,0.76680075,0.164811124,-0.212412333,0.131966522,0.201597674,-0.215332561,-0.102067045,0.633333333,0.326923077,0.673076923,0,0.705703174,0.96 
45,127.5234968,37.26880228,2022-10-15,2022-9-24,0.1673,0.2224,0.3166,0.3566,0.3731,0.3936,0.3958,0.3949,0.4819,0.36100,0.103689212,0.174507939,0.776974396,0.176633022,-0.180459836,0.155522951,0.185458768,-0.211001165,-0.099224453,0.666666667,0.38028169,0.61971831,0,0.174777735,1.01 
45,127.5234968,37.26880228,2022-10-15,2022-10-19,0.1882,0.2452,0.3408,0.3700,0.3822,0.3996,0.4220,0.4010,0.4918,0.38640,0.091750613,0.170780142,0.769253282,0.164278054,-0.193161672,0.137616552,0.191256361,-0.208113396,-0.101702509,0.666666667,0.38028169,0.61971831,0,0.174777735,1.01 
45,127.5234968,37.26880228,2022-10-15,2022-10-29,0.1944,0.2544,0.3508,0.3722,0.3867,0.3988,0.4245,0.3968,0.4946,0.39830,0.079727891,0.174115325,0.761398641,0.145250843,-0.199112444,0.119583702,0.192136271,-0.198840486,-0.109715055,0.666666667,0.38028169,0.61971831,0,0.174777735,1.01 
46,127.5196223,37.26865667,2022-10-15,2022-9-24,0.2038,0.2754,0.3648,0.4214,0.4427,0.4577,0.4429,0.4599,0.5658,0.42780,0.092528804,0.168608594,0.769758926,0.170236014,-0.21386122,0.138784963,0.221347643,-0.239175583,-0.103246563,0.666666667,0.611548556,0.238845144,0.149606299,0.135575412,0.91 
46,127.5196223,37.26865667,2022-10-15,2022-10-19,0.2522,0.3348,0.4180,0.4658,0.4825,0.4949,0.5232,0.5021,0.6073,0.48700,0.084917891,0.154957983,0.764799249,0.170506313,-0.243464342,0.127369956,0.245964564,-0.255655147,-0.094826032,0.666666667,0.611548556,0.238845144,0.149606299,0.135575412,0.91 
46,127.5196223,37.26865667,2022-10-15,2022-10-29,0.2598,0.3504,0.4324,0.4747,0.4862,0.4993,0.5353,0.5041,0.6168,0.50220,0.082107975,0.15806398,0.762960009,0.165469804,-0.251063772,0.123155353,0.247933587,-0.254509941,-0.100544206,0.666666667,0.611548556,0.238845144,0.149606299,0.135575412,0.91 
47,127.5196544,37.2691177,2022-10-15,2022-9-24,0.1961,0.2608,0.3570,0.4049,0.4214,0.4350,0.4397,0.4447,0.5464,0.40750,0.103337055,0.169016805,0.776747742,0.187832597,-0.203709247,0.154995968,0.210517431,-0.237425137,-0.102613258,0.566666667,0.249589491,0.750410509,0,0.369642038,0.92 
47,127.5196544,37.2691177,2022-10-15,2022-10-19,0.2114,0.2786,0.3732,0.4147,0.4294,0.4474,0.4640,0.4507,0.5530,0.44750,0.096593674,0.166382737,0.772394766,0.179743741,-0.223710688,0.144881698,0.21546694,-0.236831069,-0.101922885,0.566666667,0.249589491,0.750410509,0,0.369642038,0.92 
47,127.5196544,37.2691177,2022-10-15,2022-10-29,0.2268,0.2926,0.3796,0.4194,0.4337,0.4464,0.4608,0.4546,0.5707,0.46430,0.094762191,0.169219368,0.771208267,0.183006232,-0.232108847,0.14213473,0.218534304,-0.237786382,-0.113235151,0.566666667,0.249589491,0.750410509,0,0.369642038,0.92 
48,127.5202443,37.26804501,2022-10-15,2022-9-24,0.2007,0.2638,0.3514,0.3870,0.3951,0.4104,0.4365,0.4265,0.4953,0.39250,0.092049674,0.14472355,0.769447642,0.181483164,-0.196216894,0.138065672,0.206125897,-0.221524308,-0.074636581,0.566666667,0.591182365,0.342685371,0.066132265,-0.06434966,1.03 
48,127.5202443,37.26804501,2022-10-15,2022-10-19,0.2272,0.2988,0.3780,0.4160,0.4367,0.4510,0.4708,0.4475,0.5456,0.46110,0.088542934,0.151454489,0.767165519,0.188493605,-0.230512864,0.132806324,0.218156812,-0.23023114,-0.098781593,0.566666667,0.591182365,0.342685371,0.066132265,-0.06434966,1.03 
48,127.5202443,37.26804501,2022-10-15,2022-10-29,0.2402,0.3036,0.3746,0.4239,0.4416,0.4399,0.4674,0.4655,0.5564,0.47320,0.112040134,0.13926226,0.782329939,0.252680351,-0.236560203,0.168050164,0.222009897,-0.25316252,-0.088951952,0.566666667,0.591182365,0.342685371,0.066132265,-0.06434966,1.03 
49,127.5189234,37.27063588,2022-10-15,2022-9-24,0.2166,0.2808,0.3598,0.4002,0.4162,0.4280,0.4348,0.4381,0.5547,0.43880,0.096072054,0.16762269,0.772057028,0.193110385,-0.219357778,0.144099068,0.211387635,-0.229911523,-0.117445608,0.633333333,0.735119048,0.235119048,0.029761905,0.184029815,0.99 
49,127.5189234,37.27063588,2022-10-15,2022-10-19,0.2606,0.3400,0.4144,0.4522,0.4676,0.4846,0.5249,0.4902,0.6069,0.50620,0.089091313,0.154453085,0.767522842,0.192640277,-0.253061278,0.133629547,0.24025101,-0.252585567,-0.106371343,0.633333333,0.735119048,0.235119048,0.029761905,0.184029815,0.99 
49,127.5189234,37.27063588,2022-10-15,2022-10-29,0.2664,0.3408,0.4156,0.4584,0.4802,0.4969,0.5152,0.4897,0.6312,0.53040,0.088948188,0.161848421,0.767429598,0.202224469,-0.265157445,0.133414865,0.240809787,-0.252228029,-0.126237845,0.633333333,0.735119048,0.235119048,0.029761905,0.184029815,0.99 
50,127.5194,37.27098335,2022-10-15,2022-9-24,0.2426,0.3126,0.3880,0.4194,0.4405,0.4501,0.4733,0.4664,0.5899,0.46320,0.100648968,0.160927786,0.775015463,0.215927501,-0.231556997,0.150964545,0.224471629,-0.247482322,-0.116917542,0.566666667,0.669354839,0.282258065,0.048387097,0.716447476,0.92 
50,127.5194,37.27098335,2022-10-15,2022-10-19,0.2302,0.2774,0.3492,0.4265,0.4421,0.4668,0.4727,0.4739,0.5816,0.46610,0.142065309,0.141674277,0.801289778,0.335897436,-0.233001882,0.213085126,0.220750832,-0.270921102,-0.102036949,0.566666667,0.669354839,0.282258065,0.048387097,0.716447476,0.92 
50,127.5194,37.27098335,2022-10-15,2022-10-29,0.2196,0.3042,0.3382,0.4461,0.4656,0.4857,0.4500,0.4852,0.6156,0.50330,0.124189064,0.145888594,0.790056368,0.319885414,-0.251602179,0.186272806,0.23183642,-0.269875933,-0.118459302,0.566666667,0.669354839,0.282258065,0.048387097,0.716447476,0.92 
51,127.5200543,37.27125799,2022-10-15,2022-9-24,0.2638,0.3414,0.4196,0.4698,0.4912,0.5099,0.5151,0.5133,0.6335,0.49990,0.091083006,0.153557645,0.768819228,0.196694974,-0.249911195,0.136617249,0.250845594,-0.265927184,-0.104813394,0.666666667,0.599250936,0.34082397,0.059925094,0.186029349,0.99 
51,127.5200543,37.27125799,2022-10-15,2022-10-19,0.2388,0.3060,0.3598,0.4405,0.4697,0.4805,0.4897,0.4953,0.5621,0.46830,0.134448007,0.114668564,0.796522446,0.334263425,-0.234110813,0.201660464,0.23396424,-0.2800697,-0.063173823,0.666666667,0.599250936,0.34082397,0.059925094,0.186029349,0.99 
51,127.5200543,37.27125799,2022-10-15,2022-10-29,0.2426,0.3104,0.3610,0.4412,0.4609,0.4757,0.4725,0.4843,0.5698,0.47250,0.122363847,0.121755071,0.788900404,0.322206627,-0.236209709,0.183535137,0.232113282,-0.268525994,-0.081111849,0.666666667,0.599250936,0.34082397,0.059925094,0.186029349,0.99 
52,127.520545,37.27174667,2022-10-15,2022-9-24,0.2368,0.3206,0.4046,0.4564,0.5022,0.5082,0.5258,0.5126,0.5951,0.47210,0.118115389,0.14204091,0.786203147,0.235026042,-0.236011821,0.177163422,0.242192407,-0.282055424,-0.074478649,0.633333333,0.588235294,0.411764706,0,0.213171474,1.02 
52,127.520545,37.27174667,2022-10-15,2022-10-19,0.2220,0.2922,0.3592,0.4221,0.4485,0.4638,0.4890,0.4729,0.5510,0.44690,0.129178606,0.135259112,0.793207795,0.276953005,-0.223409314,0.193756342,0.222204845,-0.265218866,-0.07627698,0.633333333,0.588235294,0.411764706,0,0.213171474,1.02 
52,127.520545,37.27174667,2022-10-15,2022-10-29,0.2316,0.3128,0.3790,0.4344,0.4578,0.4736,0.4905,0.4846,0.5742,0.46760,0.122928977,0.138027833,0.789258498,0.271161317,-0.233758921,0.184382784,0.229615539,-0.268957282,-0.084624103,0.633333333,0.588235294,0.411764706,0,0.213171474,1.02 
53,127.5210503,37.27205591,2022-10-15,2022-9-24,0.2094,0.2736,0.3522,0.4176,0.4505,0.4639,0.4465,0.4683,0.5583,0.43240,0.11195536,0.148364846,0.782275757,0.226868113,-0.216160468,0.167923072,0.222898195,-0.254642236,-0.08766803,0.5,0.597484277,0.374213836,0.028301887,0.378209497,1.06 
53,127.5210503,37.27205591,2022-10-15,2022-10-19,0.2112,0.2736,0.3376,0.3898,0.4181,0.4463,0.4595,0.4503,0.5246,0.40610,0.130412953,0.133302973,0.793985487,0.28534549,-0.203009086,0.195607154,0.211553896,-0.253040476,-0.076212945,0.5,0.597484277,0.374213836,0.028301887,0.378209497,1.06 
53,127.5210503,37.27205591,2022-10-15,2022-10-29,0.2292,0.2878,0.3352,0.4092,0.4378,0.4504,0.4617,0.4688,0.5493,0.43570,0.147332354,0.123388812,0.80456967,0.366380622,-0.217805246,0.220985011,0.217773912,-0.269891488,-0.079068854,0.5,0.597484277,0.374213836,0.028301887,0.378209497,1.06 
54,127.5190066,37.27426701,2022-10-15,2022-9-24,0.2782,0.3652,0.4400,0.4811,0.4938,0.5086,0.5225,0.5126,0.6132,0.43760,0.075422218,0.142500949,0.758565895,0.168163533,-0.218767268,0.113127393,0.255419457,-0.253231267,-0.089358678,0.666666667,0.496621622,0.503378378,0,0.060767615,0.75 
54,127.5190066,37.27426701,2022-10-15,2022-10-29,0.2442,0.3066,0.3390,0.4136,0.4483,0.4662,0.4820,0.4806,0.5498,0.41800,0.172052189,0.101027609,0.819787893,0.521472393,-0.20895271,0.25806255,0.221153255,-0.284451049,-0.067158385,0.666666667,0.496621622,0.503378378,0,0.060767615,0.75 
55,127.5194053,37.27352122,2022-10-15,2022-9-24,0.3106,0.3962,0.4740,0.5135,0.5273,0.5448,0.5497,0.5378,0.6582,0.46600,0.06305594,0.144156435,0.750370535,0.149955342,-0.232967464,0.094579236,0.27287908,-0.253343284,-0.100668896,0.6,0.619883041,0.380116959,0,0.490147522,0.83 
55,127.5194053,37.27352122,2022-10-15,2022-10-19,0.2648,0.3228,0.3718,0.4181,0.4383,0.4448,0.4805,0.4592,0.5126,0.37720,0.112133689,0.107165344,0.782389729,0.294754265,-0.188566792,0.168190349,0.221902534,-0.249782657,-0.054949578,0.6,0.619883041,0.380116959,0,0.490147522,0.83 
55,127.5194053,37.27352122,2022-10-15,2022-10-29,0.2794,0.3410,0.3874,0.4318,0.4451,0.4579,0.4800,0.4605,0.5534,0.41580,0.098783107,0.126489626,0.773810769,0.270393834,-0.207862264,0.148165822,0.226129899,-0.243274909,-0.091626393,0.6,0.619883041,0.380116959,0,0.490147522,0.83 
56,127.5200012,37.27318118,2022-10-15,2022-10-29,0.2262,0.2870,0.3234,0.3978,0.4294,0.4556,0.4805,0.4740,0.5249,0.41390,0.185592796,0.095863935,0.828005312,0.515313563,-0.206903139,0.278371788,0.213699405,-0.283958198,-0.050956052,0.384615385,0.659919028,0.287449393,0.052631579,0.314287706,0.76 
56,127.5200012,37.27318118,2022-10-15,2022-9-24,0.2384,0.3120,0.3744,0.4408,0.5113,0.5349,0.5417,0.5433,0.5655,0.42090,0.184821721,0.090117797,0.827539558,0.431979204,-0.210409187,0.277217467,0.243455344,-0.325270119,-0.020021645,0.384615385,0.659919028,0.287449393,0.052631579,0.314287706,0.76 
57,127.5206332,37.272799,2022-10-15,2022-9-24,0.2826,0.3590,0.4116,0.4600,0.5252,0.5434,0.5655,0.5472,0.6054,0.45650,0.157972701,0.103861811,0.811155165,0.401365665,-0.228208641,0.236946516,0.252745269,-0.319122108,-0.050494534,0.633333333,0.607692308,0.338461538,0.053846154,0.297088006,0.79 
58,127.4971552,37.20933846,2022-10-15,2022-9-24,0.2678,0.3332,0.4064,0.4322,0.4516,0.4725,0.4880,0.4858,0.5880,0.44970,0.107110301,0.142091153,0.779172831,0.244740679,-0.224809955,0.160656298,0.233332829,-0.26152486,-0.09517601,0.633333333,0.638795987,0.314381271,0.046822742,0.37800476,0.70 
59,127.4966019,37.20942849,2022-10-15,2022-9-24,0.2260,0.2834,0.3530,0.3985,0.4115,0.4288,0.4351,0.4501,0.5737,0.44670,0.10998767,0.154468532,0.781017074,0.260027985,-0.223304467,0.164971333,0.215626627,-0.24376993,-0.120726704,0.6,0.728096677,0.214501511,0.057401813,0.283675463,1.70 
60,127.4966078,37.21005697,2022-10-15,2022-9-24,0.2820,0.3526,0.4324,0.4891,0.4822,0.4964,0.5098,0.5239,0.6299,0.48320,0.072466735,0.139460256,0.756615315,0.170585968,-0.241567353,0.10869454,0.262233954,-0.256129707,-0.091870341,0.7,0.684563758,0.268456376,0.046979866,0.00958294,0.70 
60,127.4966078,37.21005697,2022-10-15,2022-10-19,0.1990,0.2488,0.3164,0.3505,0.3583,0.3824,0.3811,0.3804,0.5031,0.39630,0.073817925,0.169304354,0.757507706,0.169069632,-0.198107897,0.110719074,0.188701637,-0.18686961,-0.138879457,0.7,0.684563758,0.268456376,0.046979866,0.00958294,0.70 
60,127.4966078,37.21005697,2022-10-15,2022-10-24,0.2476,0.3144,0.3944,0.4477,0.4523,0.4610,0.4673,0.4904,0.6276,0.47510,0.090868646,0.1617713,0.768679807,0.201638778,-0.237507758,0.13629539,0.239070296,-0.253916132,-0.122719141,0.7,0.684563758,0.268456376,0.046979866,0.00958294,0.70 
60,127.4966078,37.21005697,2022-10-15,2022-10-29,0.2360,0.2914,0.3598,0.3983,0.4178,0.4209,0.4275,0.4341,0.5792,0.47130,0.09042954,0.168010919,0.768394131,0.215879108,-0.235603877,0.135635793,0.212546523,-0.224496867,-0.1431955,0.7,0.684563758,0.268456376,0.046979866,0.00958294,0.70 
61,127.4963338,37.21014277,2022-10-15,2022-9-24,0.2382,0.3106,0.3984,0.4335,0.4515,0.4657,0.4803,0.4744,0.6013,0.46940,0.094979804,0.166647093,0.77134934,0.193537767,-0.234657886,0.142461485,0.229574626,-0.248281024,-0.117969694,1,0.677304965,0.280141844,0.042553191,0.350213697,0.93 
61,127.4963338,37.21014277,2022-10-15,2022-10-19,0.2030,0.2484,0.3142,0.3438,0.3524,0.3627,0.3773,0.3877,0.4996,0.39350,0.095971731,0.161116622,0.771992054,0.219216117,-0.19670612,0.143947424,0.187840754,-0.203408644,-0.126112927,1,0.677304965,0.280141844,0.042553191,0.350213697,0.93 
61,127.4963338,37.21014277,2022-10-15,2022-10-24,0.2406,0.3078,0.3880,0.4362,0.4451,0.4639,0.4685,0.4691,0.6083,0.47650,0.083121681,0.169205722,0.763624044,0.177856825,-0.238207991,0.124675325,0.230499176,-0.237572488,-0.129199926,1,0.677304965,0.280141844,0.042553191,0.350213697,0.93 
61,127.4963338,37.21014277,2022-10-15,2022-10-29,0.2530,0.3148,0.3872,0.4310,0.4354,0.4474,0.4532,0.4691,0.6123,0.49800,0.08262174,0.16195846,0.763296627,0.196660075,-0.248957461,0.12392546,0.231591909,-0.237211336,-0.132420936,1,0.677304965,0.280141844,0.042553191,0.350213697,0.93 
62,127.4963364,37.21040069,2022-10-15,2022-9-24,0.2954,0.3866,0.4720,0.4842,0.4942,0.5086,0.5463,0.5135,0.6412,0.49890,0.071801294,0.1575525,0.756175439,0.155543498,-0.249413812,0.107696321,0.256154647,-0.250437551,-0.110591496,0.333333333,0.751968504,0.169291339,0.078740157,1.177506679,0.72 
62,127.4963364,37.21040069,2022-10-15,2022-10-19,0.2514,0.3092,0.3818,0.3838,0.3938,0.4075,0.4532,0.4204,0.5421,0.41800,0.071082803,0.158796089,0.755700207,0.169172932,-0.208960851,0.106617413,0.209541054,-0.204486581,-0.126441558,0.333333333,0.751968504,0.169291339,0.078740157,1.177506679,0.72 
62,127.4963364,37.21040069,2022-10-15,2022-10-24,0.2970,0.3874,0.4664,0.4877,0.5025,0.5118,0.5476,0.5077,0.6563,0.50960,0.055948419,0.165686686,0.745619487,0.124600491,-0.254763541,0.083918265,0.258234818,-0.231429106,-0.12766323,0.333333333,0.751968504,0.169291339,0.078740157,1.177506679,0.72 
62,127.4963364,37.21040069,2022-10-15,2022-10-29,0.2842,0.3562,0.4328,0.4695,0.4781,0.4854,0.5021,0.4906,0.6400,0.52620,0.071179039,0.158736201,0.755763878,0.176914311,-0.263059718,0.106762731,0.246079246,-0.238720752,-0.132142225,0.333333333,0.751968504,0.169291339,0.078740157,1.177506679,0.72 
63,127.4973999,37.2087994,2022-10-15,2022-9-24,0.2566,0.3328,0.4200,0.4700,0.4799,0.4918,0.5055,0.5092,0.6544,0.47460,0.086409217,0.168420485,0.765773607,0.181005587,-0.237258216,0.129606912,0.248915133,-0.260399141,-0.12478515,0.6,0.660777385,0.282685512,0.056537102,0.23652529,0.72 
63,127.4973999,37.2087994,2022-10-15,2022-10-19,0.2252,0.2780,0.3482,0.3775,0.3875,0.3957,0.4146,0.4041,0.5411,0.41270,0.068482285,0.172210195,0.753977642,0.158506732,-0.206307739,0.102716637,0.201979608,-0.194626805,-0.144942869,0.6,0.660777385,0.282685512,0.056537102,0.23652529,0.72 
63,127.4973999,37.2087994,2022-10-15,2022-10-24,0.2434,0.3120,0.3940,0.4275,0.4492,0.4646,0.4739,0.4681,0.6310,0.44810,0.080438546,0.180504587,0.761865176,0.172550379,-0.224004813,0.120650857,0.230644859,-0.235104302,-0.148212174,0.6,0.660777385,0.282685512,0.056537102,0.23652529,0.72 
63,127.4973999,37.2087994,2022-10-15,2022-10-29,0.2328,0.2910,0.3608,0.3931,0.4062,0.4198,0.4320,0.4250,0.5762,0.43940,0.079776423,0.173146643,0.761430511,0.190233854,-0.219654395,0.119657034,0.210217202,-0.21300626,-0.151018777,0.6,0.660777385,0.282685512,0.056537102,0.23652529,0.72 
64,127.4966225,37.20879786,2022-10-15,2022-9-24,0.3110,0.3946,0.4876,0.4853,0.5096,0.5226,0.5632,0.5279,0.6726,0.49440,0.072858449,0.158932238,0.75687413,0.165903096,-0.247161662,0.109282122,0.264476357,-0.258450254,-0.120533111,0.633333333,0.7,0.260869565,0.039130435,0.426889314,0.47 
64,127.4966225,37.20879786,2022-10-15,2022-10-19,0.2506,0.3106,0.3850,0.4152,0.4190,0.4308,0.4532,0.4402,0.5752,0.42940,0.068705997,0.162463628,0.754125982,0.164076994,-0.214660038,0.10305274,0.220956366,-0.212199299,-0.132952531,0.633333333,0.7,0.260869565,0.039130435,0.426889314,0.47 
64,127.4966225,37.20879786,2022-10-15,2022-10-24,0.2776,0.3518,0.4356,0.4668,0.4844,0.4917,0.5181,0.5031,0.6662,0.47900,0.072250639,0.172619364,0.756472497,0.160018881,-0.239458079,0.108370185,0.251293733,-0.245767414,-0.139485162,0.633333333,0.7,0.260869565,0.039130435,0.426889314,0.47 
64,127.4966225,37.20879786,2022-10-15,2022-10-29,0.2576,0.3194,0.3824,0.4278,0.4321,0.4522,0.4603,0.4468,0.6036,0.45240,0.070949185,0.167422413,0.755611795,0.180103438,-0.226156421,0.106417401,0.224105174,-0.217221192,-0.149276466,0.633333333,0.7,0.260869565,0.039130435,0.426889314,0.47 
65,127.4969555,37.20814686,2022-10-15,2022-6-1,0.3324,0.4152,0.5140,0.5743,0.5825,0.5981,0.6087,0.6113,0.7384,0.54420,0.076611483,0.142146443,0.759349381,0.176980349,-0.272066091,0.114912165,0.303348831,-0.303219333,-0.094169075,0.566666667,0.670995671,0.268398268,0.060606061,0.331370696,0.47 
65,127.4969555,37.20814686,2022-10-15,2022-9-24,0.3210,0.4090,0.4920,0.5469,0.5659,0.5732,0.5699,0.5676,0.7232,0.52350,0.05698324,0.156399887,0.746313098,0.134730539,-0.261714739,0.085470881,0.289011713,-0.26005622,-0.120545398,0.566666667,0.670995671,0.268398268,0.060606061,0.331370696,0.47 
65,127.4969555,37.20814686,2022-10-15,2022-10-19,0.2346,0.2958,0.3734,0.4057,0.4182,0.4298,0.4517,0.4387,0.5725,0.41060,0.072353948,0.16809816,0.756540777,0.160686173,-0.205259458,0.10852429,0.21808375,-0.214385573,-0.132318038,0.566666667,0.670995671,0.268398268,0.060606061,0.331370696,0.47 
65,127.4969555,37.20814686,2022-10-15,2022-10-24,0.2976,0.3844,0.4812,0.5202,0.5296,0.5521,0.5697,0.5505,0.7269,0.49590,0.064282262,0.176544889,0.751187235,0.135482031,-0.247909884,0.096418733,0.276721348,-0.260682292,-0.138093001,0.566666667,0.670995671,0.268398268,0.060606061,0.331370696,0.47 
65,127.4969555,37.20814686,2022-10-15,2022-10-29,0.1684,0.1756,0.1872,0.2417,0.2404,0.2478,0.2059,0.2636,0.3503,0.26460,0.106400839,0.123254886,0.778717432,0.573270014,-0.132251216,0.159584514,0.130247853,-0.141679929,-0.141228213,0.566666667,0.670995671,0.268398268,0.060606061,0.331370696,0.47 
65,127.4969555,37.20814686,2022-10-15,2022-6-11,0.3348,0.4224,0.5192,0.5615,0.5705,0.5851,0.5864,0.5878,0.7557,0.55800,0.061777457,0.160289367,0.74951815,0.14348045,-0.278962939,0.092662,0.29695164,-0.275360306,-0.124972088,0.566666667,0.670995671,0.268398268,0.060606061,0.331370696,0.47 
66,127.497328,37.20793023,2022-10-15,2022-6-1,0.3224,0.4046,0.5060,0.5500,0.5619,0.5845,0.6035,0.5988,0.7115,0.52470,0.089321448,0.139566587,0.767672748,0.199674664,-0.262315204,0.133976079,0.292430839,-0.308744422,-0.086010837,0.6,0.556666667,0.443333333,0,0.216224901,0.45 
66,127.497328,37.20793023,2022-10-15,2022-9-24,0.3320,0.4244,0.5072,0.5465,0.5606,0.5713,0.5880,0.5780,0.7103,0.52160,0.068490618,0.147745534,0.753983168,0.157726692,-0.260766005,0.10273118,0.290572685,-0.278399256,-0.102693472,0.6,0.556666667,0.443333333,0,0.216224901,0.45 
66,127.497328,37.20793023,2022-10-15,2022-10-19,0.2350,0.2974,0.3720,0.3921,0.4079,0.4171,0.4463,0.4152,0.5469,0.39790,0.061756809,0.171313209,0.749504375,0.136912523,-0.198910608,0.092629291,0.20900529,-0.194481338,-0.136888057,0.6,0.556666667,0.443333333,0,0.216224901,0.45 
66,127.497328,37.20793023,2022-10-15,2022-10-24,0.2902,0.3800,0.4760,0.5128,0.5349,0.5398,0.5672,0.5472,0.7037,0.49060,0.078332841,0.169528754,0.760481979,0.163043478,-0.24525971,0.117493473,0.270492614,-0.272979001,-0.125109921,0.6,0.556666667,0.443333333,0,0.216224901,0.45 
66,127.497328,37.20793023,2022-10-15,2022-6-11,0.3174,0.4030,0.4980,0.5446,0.5451,0.5690,0.5621,0.5651,0.7312,0.55570,0.066830281,0.163762404,0.75288132,0.151963941,-0.277811341,0.100240691,0.28350008,-0.27040856,-0.12813392,0.6,0.556666667,0.443333333,0,0.216224901,0.45 
67,127.4978908,37.20771431,2022-10-15,2022-6-1,0.3224,0.4022,0.5028,0.5595,0.5772,0.5911,0.5992,0.5968,0.7213,0.54160,0.072609633,0.140316114,0.756709742,0.172222696,-0.270766818,0.108909557,0.297532909,-0.291923171,-0.094454139,0.533333333,0.585820896,0.369402985,0.044776119,0.218787996,0.37 
67,127.4978908,37.20771431,2022-10-15,2022-9-24,0.3210,0.4066,0.4948,0.5431,0.5554,0.5726,0.5711,0.5688,0.7068,0.51950,0.066366704,0.14802992,0.752573388,0.158438885,-0.259715342,0.099545391,0.28657863,-0.271672069,-0.108184384,0.533333333,0.585820896,0.369402985,0.044776119,0.218787996,0.37 
67,127.4978908,37.20771431,2022-10-15,2022-10-19,0.2306,0.2914,0.3604,0.3857,0.3956,0.4068,0.4326,0.4130,0.5279,0.38360,0.071474899,0.16003143,0.755959589,0.162536873,-0.191761621,0.107205396,0.205976258,-0.201178081,-0.122117122,0.533333333,0.585820896,0.369402985,0.044776119,0.218787996,0.37 
67,127.4978908,37.20771431,2022-10-15,2022-10-24,0.2766,0.3636,0.4464,0.4973,0.5050,0.5227,0.5336,0.5344,0.6898,0.48480,0.087283825,0.166453199,0.766344456,0.189345456,-0.242357628,0.130919078,0.262153842,-0.273971505,-0.126940042,0.533333333,0.585820896,0.369402985,0.044776119,0.218787996,0.37 
67,127.4978908,37.20771431,2022-10-15,2022-10-29,0.1656,0.1747,0.1843,0.2449,0.2475,0.2609,0.2033,0.2671,0.3464,0.25990,0.093327876,0.118794326,0.770277791,0.465876584,-0.129906021,0.139977489,0.133385469,-0.139189171,-0.129258354,0.533333333,0.585820896,0.369402985,0.044776119,0.218787996,0.37 
67,127.4978908,37.20771431,2022-10-15,2022-6-11,0.3322,0.4116,0.5076,0.5630,0.5687,0.5844,0.5697,0.5865,0.7541,0.56860,0.060962373,0.155983294,0.748974214,0.149386054,-0.284263088,0.091439425,0.296670852,-0.27375691,-0.125018648,0.533333333,0.585820896,0.369402985,0.044776119,0.218787996,0.37 
68,127.4966595,37.21056977,2022-10-15,2022-9-24,0.2844,0.3756,0.4624,0.5053,0.5180,0.5257,0.5484,0.5411,0.6799,0.50320,0.078103208,0.159705658,0.760330986,0.168038409,-0.251561985,0.117148976,0.268101585,-0.269732374,-0.113677314,0.5,0.775193798,0.178294574,0.046511628,0.177178682,0.95 
68,127.4966595,37.21056977,2022-10-15,2022-10-19,0.2362,0.2946,0.3766,0.3911,0.4105,0.4148,0.4461,0.4288,0.5521,0.41930,0.072268067,0.163987138,0.756484016,0.160841496,-0.209610767,0.108395324,0.212733754,-0.20948189,-0.125700887,0.5,0.775193798,0.178294574,0.046511628,0.177178682,0.95 
68,127.4966595,37.21056977,2022-10-15,2022-10-24,0.2786,0.3584,0.4416,0.4804,0.5004,0.5068,0.5320,0.5134,0.6858,0.50200,0.074058577,0.176765043,0.757666534,0.161040852,-0.250956899,0.111082056,0.255323153,-0.252426027,-0.143762508,0.5,0.775193798,0.178294574,0.046511628,0.177178682,0.95 
68,127.4966595,37.21056977,2022-10-15,2022-10-29,0.2564,0.3220,0.3966,0.4376,0.4412,0.4566,0.4668,0.4655,0.6273,0.48050,0.072951481,0.172952034,0.756935586,0.170933247,-0.240206274,0.109420916,0.23230998,-0.227974264,-0.148060029,0.5,0.775193798,0.178294574,0.046511628,0.177178682,0.95 
69,127.4965835,37.21102923,2022-10-15,2022-9-24,0.3002,0.3856,0.4788,0.5170,0.5312,0.5448,0.5577,0.5401,0.6717,0.50420,0.065391064,0.158474919,0.751924906,0.138935457,-0.25206545,0.098081759,0.271016771,-0.256939198,-0.108598779,0.4,0.706766917,0.293233083,0,0.455065488,0.85 
69,127.4965835,37.21102923,2022-10-15,2022-10-19,0.2434,0.3126,0.3908,0.4164,0.4202,0.4329,0.4631,0.4380,0.5775,0.44310,0.063364894,0.174398049,0.750576375,0.13609344,-0.221510203,0.095041573,0.219847434,-0.206600523,-0.137370753,0.4,0.706766917,0.293233083,0,0.455065488,0.85 
69,127.4965835,37.21102923,2022-10-15,2022-10-24,0.2902,0.3776,0.4704,0.4992,0.5147,0.5293,0.5581,0.5343,0.6912,0.52050,0.071922961,0.168937744,0.756255883,0.153862661,-0.260210378,0.107879031,0.266049715,-0.260698594,-0.128029376,0.4,0.706766917,0.293233083,0,0.455065488,0.85 
69,127.4965835,37.21102923,2022-10-15,2022-10-29,0.2656,0.3356,0.4128,0.4513,0.4600,0.4816,0.4911,0.4770,0.6383,0.51010,0.076749436,0.172985384,0.759440212,0.175149392,-0.255006215,0.115117657,0.236296716,-0.236709016,-0.144624765,0.4,0.706766917,0.293233083,0,0.455065488,0.85 
70,127.5006381,37.20846586,2022-10-15,2022-9-24,0.3058,0.3876,0.4672,0.5149,0.5282,0.5465,0.5573,0.5442,0.6680,0.49050,0.078691774,0.145862836,0.760717933,0.183524408,-0.245214127,0.118031812,0.270855378,-0.2718007,-0.102128362,0.5,0.701117318,0.298882682,0,-0.118868253,0.10 
70,127.5006381,37.20846586,2022-10-15,2022-10-19,0.2634,0.3206,0.3574,0.4118,0.4334,0.4427,0.4733,0.4596,0.5198,0.40410,0.124816446,0.100740183,0.790453317,0.377051604,-0.202013031,0.187213215,0.221151112,-0.255908913,-0.061466204,0.5,0.701117318,0.298882682,0,-0.118868253,0.10 
70,127.5006381,37.20846586,2022-10-15,2022-10-24,0.2936,0.3708,0.4094,0.4758,0.5065,0.5154,0.5450,0.5341,0.6156,0.46100,0.1288175,0.111015025,0.792980138,0.360586878,-0.230460424,0.193216041,0.256183367,-0.299370934,-0.070888058,0.5,0.701117318,0.298882682,0,-0.118868253,0.10 
70,127.5006381,37.20846586,2022-10-15,2022-10-29,0.2770,0.3388,0.3790,0.4494,0.4601,0.4810,0.4908,0.4882,0.5903,0.46940,0.12996181,0.116736015,0.793701336,0.416728514,-0.234655625,0.194931436,0.234336486,-0.274143594,-0.094668521,0.5,0.701117318,0.298882682,0,-0.118868253,0.10 
71,127.5003625,37.20828631,2022-10-15,2022-9-24,0.2184,0.2804,0.3752,0.4530,0.4713,0.4886,0.4641,0.4896,0.6034,0.45460,0.089816361,0.161027641,0.767995026,0.178721708,-0.227261576,0.134717044,0.236643644,-0.252779554,-0.104117109,0.566666667,0.496575342,0.503424658,0,0.67406798,0.44 
71,127.5003625,37.20828631,2022-10-15,2022-10-19,0.2094,0.2742,0.3596,0.3977,0.4153,0.4277,0.4516,0.4316,0.5178,0.40480,0.09682338,0.148645093,0.772543449,0.201140323,-0.202362808,0.145225843,0.20805821,-0.226922315,-0.090794186,0.566666667,0.496575342,0.503424658,0,0.67406798,0.44 
71,127.5003625,37.20828631,2022-10-15,2022-10-24,0.2354,0.3124,0.4018,0.4721,0.4802,0.5008,0.5008,0.5024,0.6018,0.46660,0.106851729,0.150165582,0.779006887,0.216247548,-0.233261005,0.160268767,0.239908816,-0.270312413,-0.090019924,0.566666667,0.496575342,0.503424658,0,0.67406798,0.44 
71,127.5003625,37.20828631,2022-10-15,2022-10-29,0.2394,0.3086,0.3780,0.4163,0.4380,0.4506,0.4668,0.4633,0.5699,0.46010,0.109567716,0.142354582,0.780748177,0.26400831,-0.230007932,0.164341735,0.22274004,-0.250702493,-0.103174603,0.566666667,0.496575342,0.503424658,0,0.67406798,0.44 
72,127.5000275,37.20811586,2022-10-15,2022-9-24,0.2294,0.2932,0.3846,0.4527,0.4671,0.4797,0.4704,0.5038,0.5934,0.44290,0.117073171,0.143845888,0.78554005,0.238892408,-0.221410633,0.175600022,0.237029497,-0.276675956,-0.081662413,0.633333333,0.58908046,0.41091954,0,0.245321392,0.50 
72,127.5000275,37.20811586,2022-10-15,2022-10-19,0.2084,0.2700,0.3430,0.3798,0.4013,0.4175,0.4400,0.4182,0.5015,0.38710,0.116092874,0.141466758,0.784915839,0.257472625,-0.193509102,0.174127694,0.198820667,-0.229238463,-0.090573013,0.633333333,0.58908046,0.41091954,0,0.245321392,0.50 
72,127.5000275,37.20811586,2022-10-15,2022-10-24,0.2364,0.3154,0.3886,0.4465,0.4719,0.4810,0.5091,0.4991,0.5836,0.44930,0.127272727,0.135366068,0.79200551,0.2760631,-0.224609344,0.190898312,0.235322051,-0.279047883,-0.078045627,0.633333333,0.58908046,0.41091954,0,0.245321392,0.50 
72,127.5000275,37.20811586,2022-10-15,2022-10-29,0.2376,0.3006,0.3734,0.4196,0.4346,0.4457,0.4712,0.4551,0.5596,0.44970,0.119694919,0.144032922,0.787207037,0.280484289,-0.224806011,0.179531336,0.216443901,-0.251138255,-0.102986104,0.633333333,0.58908046,0.41091954,0,0.245321392,0.50 
73,127.4986231,37.20938549,2022-10-15,2022-9-24,0.2820,0.3598,0.4504,0.4982,0.5219,0.5351,0.5392,0.5358,0.6189,0.46280,0.081659433,0.132043646,0.762666003,0.182363284,-0.231369457,0.122482967,0.26401045,-0.270141037,-0.071966745,0.533333333,0.695259594,0.304740406,0,0.133267403,0.21 
73,127.4986231,37.20938549,2022-10-15,2022-10-19,0.2686,0.3242,0.3654,0.4217,0.4369,0.4500,0.4829,0.4632,0.5276,0.40920,0.122500909,0.1006371,0.788987268,0.384469121,-0.204562801,0.183740231,0.22315881,-0.256887374,-0.064997981,0.533333333,0.695259594,0.304740406,0,0.133267403,0.21 
73,127.4986231,37.20938549,2022-10-15,2022-10-29,0.2802,0.3454,0.3724,0.4431,0.4584,0.4820,0.4969,0.4869,0.5893,0.47760,0.131930722,0.113012313,0.794940703,0.453891066,-0.238755152,0.197884582,0.234253882,-0.274261307,-0.0951496,0.533333333,0.695259594,0.304740406,0,0.133267403,0.21 
74,127.499403,37.20872577,2022-10-15,2022-9-24,0.2422,0.3154,0.4046,0.4672,0.4840,0.4923,0.4918,0.5030,0.6062,0.45810,0.092290988,0.153183584,0.769604436,0.185938662,-0.229013253,0.138428967,0.243289722,-0.261428598,-0.093040029,0.666666667,0.606177606,0.393822394,0,0.669116366,0.46 
74,127.499403,37.20872577,2022-10-15,2022-10-19,0.2512,0.3124,0.3718,0.4295,0.4452,0.4609,0.4823,0.4765,0.5494,0.43230,0.114359214,0.116511278,0.783810701,0.300165736,-0.216113219,0.171528793,0.229109006,-0.260331941,-0.071059557,0.666666667,0.606177606,0.393822394,0,0.669116366,0.46 
74,127.499403,37.20872577,2022-10-15,2022-10-24,0.2822,0.3646,0.4200,0.5093,0.5284,0.5462,0.5595,0.5613,0.6498,0.50160,0.129830918,0.116545426,0.793618874,0.341830516,-0.250759804,0.194736577,0.267091634,-0.315130065,-0.073074065,0.666666667,0.606177606,0.393822394,0,0.669116366,0.46 
74,127.499403,37.20872577,2022-10-15,2022-10-29,0.2822,0.3456,0.3968,0.4685,0.4856,0.5002,0.5152,0.5061,0.6164,0.50950,0.115740741,0.127486287,0.784691494,0.326878775,-0.254707685,0.173601543,0.244633538,-0.277240498,-0.098262806,0.666666667,0.606177606,0.393822394,0,0.669116366,0.46 
75,127.4992095,37.20841631,2022-10-15,2022-9-24,0.3154,0.3974,0.4940,0.5393,0.5509,0.5651,0.5782,0.5715,0.6807,0.49570,0.079727943,0.139873109,0.761398675,0.180118656,-0.247816846,0.119586266,0.282699743,-0.286393098,-0.087206517,0.5,0.692307692,0.271634615,0.036057692,0.26441067,0.15 
75,127.4992095,37.20841631,2022-10-15,2022-10-19,0.2620,0.3218,0.3752,0.4354,0.4513,0.4671,0.4937,0.4755,0.5458,0.42030,0.120009422,0.112603618,0.78740677,0.32506061,-0.210112545,0.180003533,0.227867079,-0.262545817,-0.068833839,0.5,0.692307692,0.271634615,0.036057692,0.26441067,0.15 
75,127.4992095,37.20841631,2022-10-15,2022-10-24,0.3004,0.3766,0.4188,0.5054,0.5247,0.5462,0.5578,0.5503,0.6455,0.48260,0.132770688,0.115083098,0.795468848,0.376774344,-0.241257972,0.199145783,0.262398482,-0.310379142,-0.079611975,0.5,0.692307692,0.271634615,0.036057692,0.26441067,0.15 
75,127.4992095,37.20841631,2022-10-15,2022-10-29,0.2814,0.3402,0.3862,0.4545,0.4753,0.4870,0.5091,0.5011,0.6065,0.48780,0.128222447,0.125623018,0.792604849,0.358898412,-0.243855866,0.192322846,0.238478385,-0.280601787,-0.095160708,0.5,0.692307692,0.271634615,0.036057692,0.26441067,0.15 
76,127.492623,37.19835777,2022-10-15,2022-9-24,0.2056,0.2628,0.3326,0.3847,0.4035,0.4178,0.4123,0.4396,0.5455,0.42960,0.107723321,0.154369306,0.779566111,0.232640401,-0.214757452,0.161574803,0.210377507,-0.236960352,-0.107501776,0.533333333,0.636690647,0.31294964,0.050359712,0.417976281,0.74 
76,127.492623,37.19835777,2022-10-15,2022-10-19,0.2486,0.3060,0.3678,0.4031,0.4215,0.4398,0.4727,0.4471,0.5533,0.46420,0.098121086,0.139514731,0.773382884,0.252720142,-0.23205957,0.147172592,0.21844783,-0.235818901,-0.106157537,0.533333333,0.636690647,0.31294964,0.050359712,0.417976281,0.74 
76,127.492623,37.19835777,2022-10-15,2022-10-29,0.2614,0.3128,0.3712,0.4203,0.4353,0.4491,0.4696,0.4651,0.5956,0.50530,0.114278869,0.1433817,0.783759446,0.318999532,-0.252603201,0.171408037,0.224314288,-0.25406347,-0.12303196,0.533333333,0.636690647,0.31294964,0.050359712,0.417976281,0.74 
77,127.4923922,37.19881469,2022-10-15,2022-9-24,0.2320,0.2944,0.3720,0.4113,0.4424,0.4586,0.4724,0.4700,0.5925,0.46880,0.122254059,0.155076997,0.788830818,0.274251433,-0.234353156,0.183370143,0.221756473,-0.260546385,-0.115294118,0.5,0.622418879,0.330383481,0.04719764,-0.007153471,0.73 
77,127.4923922,37.19881469,2022-10-15,2022-10-19,0.2514,0.3246,0.3966,0.4400,0.4628,0.4868,0.5304,0.4993,0.6019,0.50010,0.120888989,0.1396616,0.787965094,0.277935484,-0.250007669,0.181323307,0.237629745,-0.276123273,-0.093171086,0.5,0.622418879,0.330383481,0.04719764,-0.007153471,0.73 
77,127.4923922,37.19881469,2022-10-15,2022-10-29,0.2608,0.3376,0.3954,0.4471,0.4759,0.4822,0.5184,0.5018,0.6297,0.53170,0.123349004,0.145918654,0.789524543,0.304083885,-0.265803378,0.185013151,0.239561982,-0.278707083,-0.113035793,0.5,0.622418879,0.330383481,0.04719764,-0.007153471,0.73 
78,127.4929809,37.19876169,2022-10-15,2022-9-24,0.2338,0.3006,0.3830,0.4206,0.4399,0.4623,0.4672,0.4694,0.5950,0.46870,0.104470588,0.160875773,0.777477066,0.225472273,-0.234306052,0.156696665,0.225101133,-0.251248554,-0.118000752,0.666666667,0.690751445,0.222543353,0.086705202,0.315578895,0.04 
78,127.4929809,37.19876169,2022-10-15,2022-10-19,0.2592,0.3258,0.3888,0.4055,0.4234,0.4456,0.4949,0.4561,0.5706,0.47840,0.095999039,0.146455167,0.77200974,0.235721029,-0.23915894,0.143989908,0.223209172,-0.239315078,-0.111522353,0.666666667,0.690751445,0.222543353,0.086705202,0.315578895,0.04 
78,127.4929809,37.19876169,2022-10-15,2022-10-29,0.2522,0.3152,0.3710,0.4082,0.4273,0.4367,0.4639,0.4527,0.5820,0.49160,0.113516173,0.146960385,0.783272732,0.306156296,-0.245752976,0.170263789,0.218267853,-0.24692145,-0.124963758,0.666666667,0.690751445,0.222543353,0.086705202,0.315578895,0.04 
79,127.4934023,37.19898994,2022-10-15,2022-9-24,0.2564,0.3336,0.4156,0.4472,0.4648,0.4858,0.5000,0.4926,0.6137,0.47780,0.09490998,0.155517827,0.771304078,0.206349973,-0.238859549,0.14235706,0.239136737,-0.257761348,-0.109463979,0.6,0.701834862,0.266055046,0.032110092,0.071172041,0.32 
79,127.4934023,37.19898994,2022-10-15,2022-10-19,0.2750,0.3328,0.3874,0.4314,0.4458,0.4533,0.4873,0.4689,0.5766,0.48460,0.097227097,0.13437058,0.772804695,0.262128572,-0.242260353,0.145832115,0.230443799,-0.246780192,-0.103012912,0.6,0.701834862,0.266055046,0.032110092,0.071172041,0.32 
79,127.4934023,37.19898994,2022-10-15,2022-10-29,0.2654,0.3204,0.3644,0.4162,0.4272,0.4479,0.4636,0.4585,0.5858,0.49360,0.10990075,0.137963958,0.780961427,0.330759143,-0.246754258,0.16484115,0.223034023,-0.248275328,-0.121899837,0.6,0.701834862,0.266055046,0.032110092,0.071172041,0.32 
80,127.4937298,37.19930977,2022-10-15,2022-9-24,0.2424,0.3066,0.3858,0.4280,0.4564,0.4780,0.4726,0.4769,0.5966,0.45960,0.099354541,0.152243683,0.774179915,0.226854045,-0.229758295,0.149023224,0.23068195,-0.252283555,-0.111504425,0.4,0.591216216,0.408783784,0,0.824527499,0.62 
80,127.4937298,37.19930977,2022-10-15,2022-10-19,0.2252,0.2684,0.3142,0.3999,0.4223,0.4238,0.4200,0.4444,0.5358,0.44560,0.126632019,0.123333121,0.791600922,0.360910405,-0.222756542,0.189935991,0.212313251,-0.248199495,-0.093246276,0.4,0.591216216,0.408783784,0,0.824527499,0.62 
80,127.4937298,37.19930977,2022-10-15,2022-10-29,0.2420,0.2980,0.3374,0.3957,0.4138,0.4379,0.4384,0.4429,0.5624,0.46810,0.136806982,0.133005547,0.798001868,0.426536492,-0.233999688,0.205197305,0.210040152,-0.251316034,-0.118869989,0.4,0.591216216,0.408783784,0,0.824527499,0.62 
81,127.4945285,37.19922477,2022-10-15,2022-9-24,0.2656,0.3392,0.4164,0.4242,0.4750,0.4838,0.5151,0.5012,0.5846,0.47230,0.116755793,0.128429286,0.785338012,0.274072912,-0.236111635,0.175123935,0.239364009,-0.27508409,-0.076809726,0.366666667,0.808823529,0.128676471,0.0625,0.15931543,0.38 
81,127.4945285,37.19922477,2022-10-15,2022-10-19,0.2776,0.3522,0.4136,0.4375,0.4671,0.4984,0.5416,0.5108,0.6193,0.49500,0.123254535,0.131614051,0.789464715,0.320249114,-0.247456664,0.18487164,0.244919781,-0.283659891,-0.096009203,0.366666667,0.808823529,0.128676471,0.0625,0.15931543,0.38 
81,127.4945285,37.19922477,2022-10-15,2022-10-29,0.2812,0.3386,0.3954,0.4474,0.4716,0.4870,0.5244,0.5096,0.6343,0.52480,0.13307393,0.132526124,0.795659431,0.380072395,-0.26235228,0.1995998,0.241727712,-0.287555581,-0.109013026,0.366666667,0.808823529,0.128676471,0.0625,0.15931543,0.38 
82,127.4952055,37.19881011,2022-10-15,2022-9-24,0.2620,0.3316,0.4066,0.4417,0.4643,0.4798,0.4947,0.4902,0.6300,0.50430,0.09873361,0.156997926,0.773778786,0.234458165,-0.252105842,0.148092116,0.238176102,-0.258935595,-0.124799143,0.533333333,0.643564356,0.311881188,0.044554455,0.219572493,0.58 
82,127.4952055,37.19881011,2022-10-15,2022-10-19,0.2722,0.3358,0.3966,0.4472,0.4721,0.4867,0.5202,0.5040,0.6081,0.50740,0.121994657,0.128052211,0.788666379,0.326676602,-0.253657371,0.182981802,0.241545802,-0.279268931,-0.09360669,0.533333333,0.643564356,0.311881188,0.044554455,0.219572493,0.58 
82,127.4952055,37.19881011,2022-10-15,2022-10-24,0.2814,0.3490,0.4028,0.4334,0.4544,0.4598,0.5388,0.4628,0.5680,0.43610,0.091252063,0.128551136,0.768929167,0.266970199,-0.218011699,0.136870027,0.230191565,-0.239871015,-0.102056655,0.533333333,0.643564356,0.311881188,0.044554455,0.219572493,0.58 
82,127.4952055,37.19881011,2022-10-15,2022-10-29,0.2732,0.3342,0.3846,0.4453,0.4679,0.4823,0.4955,0.4993,0.6202,0.52420,0.130021501,0.130542426,0.793738937,0.379935189,-0.262053061,0.195021216,0.238384165,-0.280403863,-0.10799464,0.533333333,0.643564356,0.311881188,0.044554455,0.219572493,0.58 
83,127.4958015,37.19808189,2022-10-15,2022-9-24,0.2796,0.3566,0.4380,0.4884,0.5074,0.5191,0.5284,0.5263,0.6747,0.51920,0.083925445,0.163479526,0.764150146,0.184272407,-0.259558932,0.125881687,0.259492575,-0.267189489,-0.123563697,0.533333333,0.742038217,0.257961783,0,0.285108194,0.23 
83,127.4958015,37.19808189,2022-10-15,2022-10-19,0.2828,0.3598,0.4100,0.4617,0.4859,0.4949,0.5301,0.5085,0.6122,0.50030,0.104354436,0.129845068,0.777402364,0.273477518,-0.250111003,0.156523155,0.24902076,-0.272108783,-0.092531454,0.533333333,0.742038217,0.257961783,0,0.285108194,0.23 
83,127.4958015,37.19808189,2022-10-15,2022-10-24,0.3048,0.3934,0.4572,0.5206,0.5463,0.5633,0.5820,0.5736,0.6972,0.54440,0.114002719,0.136298704,0.783583256,0.282850672,-0.272158214,0.170995776,0.27723669,-0.313169244,-0.097261568,0.533333333,0.742038217,0.257961783,0,0.285108194,0.23 
83,127.4958015,37.19808189,2022-10-15,2022-10-29,0.2816,0.3580,0.4046,0.4537,0.4739,0.4902,0.5017,0.4996,0.6245,0.51350,0.112199466,0.134604723,0.782431764,0.320712695,-0.256705892,0.168289832,0.243268487,-0.271796003,-0.111111111,0.533333333,0.742038217,0.257961783,0,0.285108194,0.23 
84,127.4955048,37.19754543,2022-10-15,2022-9-24,0.2666,0.3444,0.4336,0.4619,0.4872,0.4999,0.5185,0.5060,0.6378,0.48210,0.08934338,0.162839134,0.767687033,0.186709857,-0.241009506,0.134007857,0.246649831,-0.260908822,-0.115229935,0.566666667,0.79264214,0.20735786,0,0.610573522,0.18 
84,127.4955048,37.19754543,2022-10-15,2022-10-19,0.2938,0.3718,0.4356,0.4719,0.4869,0.5024,0.5508,0.5161,0.6378,0.52720,0.102306707,0.140562682,0.776084214,0.25780409,-0.263558892,0.153451866,0.251150886,-0.274906582,-0.105468411,0.566666667,0.79264214,0.20735786,0,0.610573522,0.18 
84,127.4955048,37.19754543,2022-10-15,2022-10-24,0.2890,0.3856,0.4604,0.5109,0.5359,0.5440,0.5839,0.5583,0.6953,0.54790,0.112705531,0.153534945,0.78275509,0.248004561,-0.273906146,0.169049873,0.267469194,-0.304038986,-0.109285258,0.566666667,0.79264214,0.20735786,0,0.610573522,0.18 
84,127.4955048,37.19754543,2022-10-15,2022-10-29,0.2948,0.3592,0.4232,0.4606,0.4740,0.4915,0.5220,0.5028,0.6489,0.54200,0.106027277,0.147938649,0.778477538,0.287744015,-0.270954046,0.159032169,0.244896758,-0.270047219,-0.126855952,0.566666667,0.79264214,0.20735786,0,0.610573522,0.18 
85,127.4946166,37.19732311,2022-10-15,2022-9-24,0.2590,0.3258,0.3986,0.4233,0.4414,0.4566,0.4908,0.4820,0.5961,0.48630,0.12973163,0.143228551,0.793556318,0.311866126,-0.24310353,0.194586043,0.226716585,-0.270562462,-0.105834338,0.6,0.852112676,0.112676056,0.035211268,0.528903826,0.68 
85,127.4946166,37.19732311,2022-10-15,2022-10-19,0.2642,0.3166,0.3934,0.3973,0.4178,0.4420,0.4956,0.4572,0.5539,0.45690,0.140718563,0.128801206,0.800448976,0.374526861,-0.228403362,0.211064679,0.214817341,-0.260886004,-0.095638414,0.6,0.852112676,0.112676056,0.035211268,0.528903826,0.68 
85,127.4946166,37.19732311,2022-10-15,2022-10-24,0.2538,0.3302,0.3844,0.4132,0.4406,0.4671,0.5124,0.4884,0.5914,0.46930,0.168980373,0.132959141,0.817912204,0.416543749,-0.234597971,0.253455394,0.223453363,-0.288196248,-0.095388035,0.6,0.852112676,0.112676056,0.035211268,0.528903826,0.68 
85,127.4946166,37.19732311,2022-10-15,2022-10-29,0.2636,0.3242,0.3778,0.4106,0.4455,0.4482,0.5040,0.4763,0.5856,0.49020,0.147434353,0.126566341,0.804633055,0.431563359,-0.245050681,0.221138211,0.222439752,-0.274245773,-0.102928713,0.6,0.852112676,0.112676056,0.035211268,0.528903826,0.68 
86,127.4941847,37.19765634,2022-10-15,2022-9-24,0.2658,0.3320,0.4054,0.4416,0.4601,0.4695,0.4939,0.4896,0.6167,0.46320,0.099606962,0.151978265,0.774342923,0.233703957,-0.231557591,0.149402055,0.237583429,-0.259157778,-0.114887463,0.533333333,0.70754717,0.240566038,0.051886792,0.399007305,0.21 
86,127.4941847,37.19765634,2022-10-15,2022-10-19,0.2742,0.3468,0.3942,0.4542,0.4765,0.4891,0.5144,0.5017,0.5996,0.48660,0.109219545,0.125266584,0.780525172,0.295031056,-0.243260762,0.163820262,0.244448254,-0.271287741,-0.088894942,0.533333333,0.70754717,0.240566038,0.051886792,0.399007305,0.21 
86,127.4941847,37.19765634,2022-10-15,2022-10-24,0.2598,0.3496,0.3900,0.4762,0.4930,0.4997,0.5240,0.5252,0.6246,0.50060,0.127522542,0.126406643,0.792163204,0.327923153,-0.250257676,0.191273547,0.251365005,-0.293762255,-0.086449817,0.533333333,0.70754717,0.240566038,0.051886792,0.399007305,0.21 
86,127.4941847,37.19765634,2022-10-15,2022-10-29,0.2960,0.3630,0.4136,0.4660,0.4866,0.4961,0.5230,0.5141,0.6409,0.52770,0.125191508,0.131148432,0.790690526,0.369795707,-0.263803647,0.187776987,0.246827684,-0.286439585,-0.10978355,0.533333333,0.70754717,0.240566038,0.051886792,0.399007305,0.21 
87,127.493451,37.19752011,2022-10-15,2022-9-24,0.2292,0.2866,0.3494,0.3913,0.4277,0.4474,0.4495,0.4610,0.5508,0.44430,0.127001589,0.135797836,0.791834319,0.295103386,-0.222107335,0.190490741,0.217072292,-0.257629088,-0.088752718,0.566666667,0.704453441,0.230769231,0.064777328,0.227859353,0.87 
87,127.493451,37.19752011,2022-10-15,2022-10-19,0.2532,0.3170,0.3728,0.3901,0.4272,0.4455,0.5028,0.4711,0.5383,0.42730,0.159202756,0.109290306,0.811913022,0.42839171,-0.213605323,0.238789445,0.217550827,-0.275119737,-0.066574202,0.566666667,0.704453441,0.230769231,0.064777328,0.227859353,0.87 
87,127.493451,37.19752011,2022-10-15,2022-10-29,0.2548,0.3192,0.3646,0.3933,0.4237,0.4477,0.4864,0.4625,0.5688,0.47370,0.151356734,0.128380055,0.807066747,0.430290163,-0.236799901,0.227020972,0.215624906,-0.267617781,-0.10307379,0.566666667,0.704453441,0.230769231,0.064777328,0.227859353,0.87 
88,127.3692737,37.22355058,2022-10-16,2022-9-24,0.1852,0.2310,0.2856,0.3156,0.3307,0.3465,0.3537,0.3622,0.4432,0.38430,0.122230829,0.139786633,0.788816093,0.296015607,-0.192105987,0.183332042,0.171516938,-0.200773427,-0.100571145,0.7,0.931899642,0,0.068100358,0.265619583,2.61 
88,127.3692737,37.22355058,2022-10-16,2022-10-19,0.1828,0.2246,0.2742,0.2970,0.3084,0.3254,0.3392,0.3317,0.3972,0.35640,0.098162556,0.130794562,0.773409695,0.249705238,-0.17816273,0.147231648,0.161739963,-0.17496423,-0.089861435,0.7,0.931899642,0,0.068100358,0.265619583,2.61 
88,127.3692737,37.22355058,2022-10-16,2022-10-29,0.2050,0.2462,0.2842,0.3196,0.3347,0.3505,0.3563,0.3578,0.4304,0.38700,0.10842627,0.120961448,0.78001684,0.321572951,-0.193460295,0.16262681,0.174021787,-0.193149125,-0.092108602,0.7,0.931899642,0,0.068100358,0.265619583,2.61 
89,127.3691897,37.22400529,2022-10-16,2022-9-24,0.1787,0.2206,0.2740,0.3021,0.3241,0.3387,0.3509,0.3710,0.4300,0.37470,0.14789604,0.12298018,0.804919896,0.354467927,-0.187306173,0.221826901,0.17117469,-0.213736817,-0.073657928,0.6,1,0,0,0.58673721,2.37 
89,127.3691897,37.22400529,2022-10-16,2022-10-19,0.1821,0.2262,0.2746,0.2821,0.2977,0.3161,0.3426,0.3284,0.3857,0.34990,0.106282634,0.123867069,0.778641531,0.273373191,-0.174913016,0.159410526,0.158886521,-0.176469102,-0.080240863,0.6,1,0,0,0.58673721,2.37 
89,127.3691897,37.22400529,2022-10-16,2022-10-29,0.2018,0.2404,0.2856,0.3165,0.3318,0.3446,0.3517,0.3585,0.4250,0.38020,0.124529486,0.112498025,0.79027178,0.38982718,-0.190058563,0.186779581,0.17155702,-0.199513041,-0.084875558,0.6,1,0,0,0.58673721,2.37 
90,127.3686767,37.22373658,2022-10-16,2022-9-24,0.1808,0.2236,0.2766,0.3043,0.3158,0.3345,0.3476,0.3633,0.4214,0.36990,0.141017588,0.121801598,0.80063574,0.345836864,-0.184907439,0.211509775,0.168635053,-0.207386309,-0.074041035,0.7,0.935828877,0,0.064171123,0.351141815,3.68 
90,127.3686767,37.22373658,2022-10-16,2022-10-19,0.1768,0.2136,0.2584,0.2756,0.2959,0.2997,0.3219,0.3234,0.3837,0.34780,0.125652628,0.121137206,0.790982065,0.344827586,-0.173858268,0.188462542,0.153280295,-0.180318925,-0.085277896,0.7,0.935828877,0,0.064171123,0.351141815,3.68 
90,127.3686767,37.22373658,2022-10-16,2022-10-29,0.2004,0.2412,0.2836,0.3137,0.3297,0.3434,0.3542,0.3573,0.4304,0.38760,0.118835134,0.121209735,0.786660749,0.350544984,-0.19375814,0.178238748,0.171680627,-0.196855782,-0.092801828,0.7,0.935828877,0,0.064171123,0.351141815,3.68 
91,127.368929,37.22405871,2022-10-16,2022-9-24,0.1864,0.2264,0.2792,0.3105,0.3303,0.3439,0.3555,0.3690,0.4349,0.37900,0.136083744,0.127481878,0.797548584,0.331110945,-0.189456875,0.204109905,0.171894079,-0.209156083,-0.08197537,0.6,0.953586498,0,0.046413502,0.462419994,3.22 
91,127.368929,37.22405871,2022-10-16,2022-10-19,0.1752,0.2108,0.2456,0.2818,0.2913,0.3137,0.3210,0.3171,0.3880,0.34320,0.108160056,0.130205588,0.779846175,0.300982204,-0.171558713,0.162225911,0.153396922,-0.171079951,-0.100553113,0.6,0.953586498,0,0.046413502,0.462419994,3.22 
91,127.368929,37.22405871,2022-10-16,2022-10-29,0.2050,0.2376,0.2734,0.3122,0.3377,0.3449,0.3663,0.3649,0.4283,0.39240,0.139422326,0.107196225,0.799638872,0.447978328,-0.196156619,0.209117165,0.172254289,-0.207833543,-0.0799294,0.6,0.953586498,0,0.046413502,0.462419994,3.22 
92,127.3680074,37.22394158,2022-10-16,2022-9-24,0.1890,0.2344,0.2848,0.3165,0.3277,0.3394,0.3597,0.3603,0.4378,0.38730,0.109639667,0.138717005,0.780794254,0.26419295,-0.193609092,0.16444684,0.173049932,-0.19499076,-0.097105626,0.733333333,0.945525292,0,0.054474708,0.065573477,3.30 
92,127.3680074,37.22394158,2022-10-16,2022-10-19,0.1766,0.2146,0.2504,0.2881,0.3015,0.3146,0.3250,0.3342,0.3940,0.35660,0.125821122,0.11747606,0.791088568,0.354330709,-0.178258843,0.188715789,0.15908856,-0.186394177,-0.082120297,0.733333333,0.945525292,0,0.054474708,0.065573477,3.30 
92,127.3680074,37.22394158,2022-10-16,2022-10-29,0.2064,0.2526,0.2886,0.3178,0.3425,0.3555,0.3654,0.3656,0.4255,0.39010,0.123367645,0.110017959,0.789536348,0.368179734,-0.195010557,0.185037253,0.175344848,-0.203059705,-0.075717356,0.733333333,0.945525292,0,0.054474708,0.065573477,3.30 
93,127.3677431,37.22464125,2022-10-16,2022-9-24,0.1866,0.2304,0.2842,0.3052,0.3162,0.3352,0.3578,0.3576,0.3887,0.32440,0.11575663,0.102888087,0.784701619,0.289911698,-0.16216867,0.173621402,0.170989499,-0.195891683,-0.04167225,0.9,0.922077922,0,0.077922078,0.644632254,2.51 
